name,class
fake_pure_3910.png,1
fake_pure_3559.png,1
fake_pure_2719.png,1
fake_pure_3225.png,1
fake_pure_923.png,1
fake_pure_1614.png,1
fake_pure_4347.png,1
fake_pure_2333.png,1
fake_pure_1651.png,1
fake_pure_1937.png,1
fake_pure_2662.png,1
fake_pure_4856.png,1
fake_pure_621.png,1
fake_pure_451.png,1
fake_pure_1042.png,1
fake_pure_1242.png,1
fake_pure_2111.png,1
fake_pure_2440.png,1
fake_pure_313.png,1
fake_pure_531.png,1
fake_pure_233.png,1
fake_pure_4019.png,1
fake_pure_751.png,1
fake_pure_4725.png,1
fake_pure_843.png,1
fake_pure_4232.png,1
fake_pure_4040.png,1
fake_pure_1734.png,1
fake_pure_4140.png,1
fake_pure_3434.png,1
fake_pure_112.png,1
fake_pure_4423.png,1
fake_pure_1319.png,1
fake_pure_957.png,1
fake_pure_711.png,1
fake_pure_230.png,1
fake_pure_1751.png,1
fake_pure_304.png,1
fake_pure_4246.png,1
fake_pure_2237.png,1
fake_pure_653.png,1
fake_pure_1226.png,1
fake_pure_1021.png,1
fake_pure_2961.png,1
fake_pure_4322.png,1
fake_pure_3116.png,1
fake_pure_2610.png,1
fake_pure_542.png,1
fake_pure_3620.png,1
fake_pure_26.png,1
fake_pure_3016.png,1
fake_pure_3528.png,1
fake_pure_206.png,1
fake_pure_1110.png,1
fake_pure_1824.png,1
fake_pure_387.png,1
fake_pure_4255.png,1
fake_pure_2160.png,1
fake_pure_1736.png,1
fake_pure_742.png,1
fake_pure_22.png,1
fake_pure_4626.png,1
fake_pure_423.png,1
fake_pure_4346.png,1
fake_pure_1656.png,1
fake_pure_326.png,1
fake_pure_1348.png,1
fake_pure_2739.png,1
fake_pure_760.png,1
fake_pure_1247.png,1
fake_pure_2420.png,1
fake_pure_818.png,1
fake_pure_1446.png,1
fake_pure_3724.png,1
fake_pure_4431.png,1
fake_pure_311.png,1
fake_pure_3830.png,1
fake_pure_2861.png,1
fake_pure_341.png,1
fake_pure_1841.png,1
fake_pure_430.png,1
fake_pure_3930.png,1
fake_pure_07.png,1
fake_pure_371.png,1
fake_pure_1531.png,1
fake_pure_4962.png,1
fake_pure_4234.png,1
fake_pure_465.png,1
fake_pure_1815.png,1
fake_pure_522.png,1
fake_pure_4458.png,1
fake_pure_2746.png,1
fake_pure_4542.png,1
fake_pure_2730.png,1
fake_pure_4257.png,1
fake_pure_1941.png,1
fake_pure_050.png,1
fake_pure_3837.png,1
fake_pure_546.png,1
fake_pure_4816.png,1
fake_pure_1062.png,1
fake_pure_347.png,1
fake_pure_3525.png,1
fake_pure_2359.png,1
fake_pure_557.png,1
fake_pure_4442.png,1
fake_pure_231.png,1
fake_pure_3315.png,1
fake_pure_2055.png,1
fake_pure_1554.png,1
fake_pure_2354.png,1
fake_pure_1938.png,1
fake_pure_64.png,1
fake_pure_53.png,1
fake_pure_037.png,1
fake_pure_1846.png,1
fake_pure_839.png,1
fake_pure_235.png,1
fake_pure_50.png,1
fake_pure_1436.png,1
fake_pure_829.png,1
fake_pure_1739.png,1
fake_pure_4653.png,1
fake_pure_1560.png,1
fake_pure_042.png,1
fake_pure_4628.png,1
fake_pure_2832.png,1
fake_pure_2153.png,1
fake_pure_049.png,1
fake_pure_37.png,1
fake_pure_1241.png,1
fake_pure_71.png,1
fake_pure_374.png,1
fake_pure_4540.png,1
fake_pure_3720.png,1
fake_pure_404.png,1
fake_pure_1826.png,1
fake_pure_3437.png,1
fake_pure_2136.png,1
fake_pure_2747.png,1
fake_pure_958.png,1
fake_pure_4158.png,1
fake_pure_1856.png,1
fake_pure_1729.png,1
fake_pure_3949.png,1
fake_pure_1351.png,1
fake_pure_028.png,1
fake_pure_3713.png,1
fake_pure_846.png,1
fake_pure_4036.png,1
fake_pure_733.png,1
fake_pure_402.png,1
fake_pure_3428.png,1
fake_pure_951.png,1
fake_pure_2126.png,1
fake_pure_3856.png,1
fake_pure_4957.png,1
fake_pure_4457.png,1
fake_pure_369.png,1
fake_pure_189.png,1
fake_pure_356.png,1
fake_pure_1760.png,1
fake_pure_3114.png,1
fake_pure_357.png,1
fake_pure_2939.png,1
fake_pure_1214.png,1
fake_pure_729.png,1
fake_pure_3057.png,1
fake_pure_3018.png,1
fake_pure_3546.png,1
fake_pure_4756.png,1
fake_pure_3455.png,1
fake_pure_4518.png,1
fake_pure_102.png,1
fake_pure_3946.png,1
fake_pure_302.png,1
fake_pure_4515.png,1
fake_pure_2624.png,1
fake_pure_1342.png,1
fake_pure_3317.png,1
fake_pure_2643.png,1
fake_pure_1416.png,1
fake_pure_3828.png,1
fake_pure_3613.png,1
fake_pure_3149.png,1
fake_pure_184.png,1
fake_pure_038.png,1
fake_pure_47.png,1
fake_pure_2558.png,1
fake_pure_4514.png,1
fake_pure_4115.png,1
fake_pure_359.png,1
fake_pure_4642.png,1
fake_pure_4942.png,1
fake_pure_4329.png,1
fake_pure_1432.png,1
fake_pure_226.png,1
fake_pure_045.png,1
fake_pure_1459.png,1
fake_pure_2051.png,1
fake_pure_3316.png,1
fake_pure_130.png,1
fake_pure_1253.png,1
fake_pure_438.png,1
fake_pure_3954.png,1
fake_pure_941.png,1
fake_pure_3337.png,1
fake_pure_4610.png,1
fake_pure_3248.png,1
fake_pure_456.png,1
fake_pure_255.png,1
fake_pure_1440.png,1
fake_pure_2523.png,1
fake_pure_3739.png,1
fake_pure_1024.png,1
fake_pure_1027.png,1
fake_pure_4524.png,1
fake_pure_3859.png,1
fake_pure_3110.png,1
fake_pure_4728.png,1
fake_pure_1031.png,1
fake_pure_4721.png,1
fake_pure_3655.png,1
fake_pure_2724.png,1
fake_pure_3055.png,1
fake_pure_3941.png,1
fake_pure_1550.png,1
fake_pure_3556.png,1
fake_pure_2814.png,1
fake_pure_396.png,1
fake_pure_3532.png,1
fake_pure_4044.png,1
fake_pure_3860.png,1
fake_pure_934.png,1
fake_pure_4219.png,1
fake_pure_4658.png,1
fake_pure_2960.png,1
fake_pure_858.png,1
fake_pure_3054.png,1
fake_pure_461.png,1
fake_pure_732.png,1
fake_pure_1741.png,1
fake_pure_420.png,1
fake_pure_261.png,1
fake_pure_1622.png,1
fake_pure_2134.png,1
fake_pure_351.png,1
fake_pure_2548.png,1
fake_pure_207.png,1
fake_pure_4727.png,1
fake_pure_720.png,1
fake_pure_484.png,1
fake_pure_3230.png,1
fake_pure_642.png,1
fake_pure_3616.png,1
fake_pure_262.png,1
fake_pure_3547.png,1
fake_pure_2031.png,1
fake_pure_1735.png,1
fake_pure_2349.png,1
fake_pure_1750.png,1
fake_pure_1923.png,1
fake_pure_425.png,1
fake_pure_2246.png,1
fake_pure_3361.png,1
fake_pure_25.png,1
fake_pure_452.png,1
fake_pure_236.png,1
fake_pure_1557.png,1
fake_pure_4821.png,1
fake_pure_3729.png,1
fake_pure_835.png,1
fake_pure_2710.png,1
fake_pure_1359.png,1
fake_pure_04.png,1
fake_pure_4126.png,1
fake_pure_1822.png,1
fake_pure_248.png,1
fake_pure_2027.png,1
fake_pure_4327.png,1
fake_pure_407.png,1
fake_pure_1355.png,1
fake_pure_460.png,1
fake_pure_386.png,1
fake_pure_2244.png,1
fake_pure_4814.png,1
fake_pure_2626.png,1
fake_pure_3617.png,1
fake_pure_1952.png,1
fake_pure_2427.png,1
fake_pure_1845.png,1
fake_pure_4822.png,1
fake_pure_1840.png,1
fake_pure_914.png,1
fake_pure_1932.png,1
fake_pure_210.png,1
fake_pure_4350.png,1
fake_pure_3816.png,1
fake_pure_948.png,1
fake_pure_2248.png,1
fake_pure_3760.png,1
fake_pure_3951.png,1
fake_pure_2038.png,1
fake_pure_3459.png,1
fake_pure_3731.png,1
fake_pure_443.png,1
fake_pure_2842.png,1
fake_pure_3658.png,1
fake_pure_4624.png,1
fake_pure_494.png,1
fake_pure_2250.png,1
fake_pure_242.png,1
fake_pure_2524.png,1
fake_pure_83.png,1
fake_pure_2660.png,1
fake_pure_4910.png,1
fake_pure_4437.png,1
fake_pure_2837.png,1
fake_pure_3722.png,1
fake_pure_1548.png,1
fake_pure_4429.png,1
fake_pure_936.png,1
fake_pure_1657.png,1
fake_pure_1625.png,1
fake_pure_2127.png,1
fake_pure_659.png,1
fake_pure_183.png,1
fake_pure_1717.png,1
fake_pure_3519.png,1
fake_pure_3028.png,1
fake_pure_483.png,1
fake_pure_2338.png,1
fake_pure_3219.png,1
fake_pure_30.png,1
fake_pure_2439.png,1
fake_pure_1960.png,1
fake_pure_19.png,1
fake_pure_1211.png,1
fake_pure_2149.png,1
fake_pure_3526.png,1
fake_pure_4315.png,1
fake_pure_3143.png,1
fake_pure_3356.png,1
fake_pure_4936.png,1
fake_pure_2943.png,1
fake_pure_3423.png,1
fake_pure_654.png,1
fake_pure_1448.png,1
fake_pure_457.png,1
fake_pure_4622.png,1
fake_pure_1727.png,1
fake_pure_2743.png,1
fake_pure_058.png,1
fake_pure_910.png,1
fake_pure_3618.png,1
fake_pure_3852.png,1
fake_pure_1412.png,1
fake_pure_2441.png,1
fake_pure_2231.png,1
fake_pure_1955.png,1
fake_pure_3911.png,1
fake_pure_381.png,1
fake_pure_827.png,1
fake_pure_245.png,1
fake_pure_1661.png,1
fake_pure_4356.png,1
fake_pure_2852.png,1
fake_pure_4616.png,1
fake_pure_3520.png,1
fake_pure_2212.png,1
fake_pure_3632.png,1
fake_pure_4223.png,1
fake_pure_1519.png,1
fake_pure_2656.png,1
fake_pure_2120.png,1
fake_pure_3716.png,1
fake_pure_1462.png,1
fake_pure_1541.png,1
fake_pure_1128.png,1
fake_pure_626.png,1
fake_pure_3748.png,1
fake_pure_39.png,1
fake_pure_1545.png,1
fake_pure_217.png,1
fake_pure_655.png,1
fake_pure_2443.png,1
fake_pure_1913.png,1
fake_pure_414.png,1
fake_pure_1039.png,1
fake_pure_2543.png,1
fake_pure_2613.png,1
fake_pure_3217.png,1
fake_pure_4129.png,1
fake_pure_2947.png,1
fake_pure_845.png,1
fake_pure_1148.png,1
fake_pure_201.png,1
fake_pure_3938.png,1
fake_pure_3811.png,1
fake_pure_2836.png,1
fake_pure_3813.png,1
fake_pure_2317.png,1
fake_pure_4659.png,1
fake_pure_1720.png,1
fake_pure_046.png,1
fake_pure_3314.png,1
fake_pure_1059.png,1
fake_pure_2519.png,1
fake_pure_014.png,1
fake_pure_4439.png,1
fake_pure_1335.png,1
fake_pure_334.png,1
fake_pure_1544.png,1
fake_pure_3425.png,1
fake_pure_444.png,1
fake_pure_3121.png,1
fake_pure_3919.png,1
fake_pure_862.png,1
fake_pure_822.png,1
fake_pure_2713.png,1
fake_pure_2510.png,1
fake_pure_643.png,1
fake_pure_185.png,1
fake_pure_2659.png,1
fake_pure_1733.png,1
fake_pure_140.png,1
fake_pure_3414.png,1
fake_pure_335.png,1
fake_pure_3527.png,1
fake_pure_2312.png,1
fake_pure_319.png,1
fake_pure_3636.png,1
fake_pure_453.png,1
fake_pure_2137.png,1
fake_pure_2337.png,1
fake_pure_3823.png,1
fake_pure_4211.png,1
fake_pure_42.png,1
fake_pure_1231.png,1
fake_pure_2334.png,1
fake_pure_00.png,1
fake_pure_65.png,1
fake_pure_1232.png,1
fake_pure_832.png,1
fake_pure_2059.png,1
fake_pure_3151.png,1
fake_pure_156.png,1
fake_pure_817.png,1
fake_pure_2741.png,1
fake_pure_551.png,1
fake_pure_935.png,1
fake_pure_223.png,1
fake_pure_4958.png,1
fake_pure_134.png,1
fake_pure_1157.png,1
fake_pure_1236.png,1
fake_pure_284.png,1
fake_pure_449.png,1
fake_pure_4026.png,1
fake_pure_4033.png,1
fake_pure_3029.png,1
fake_pure_4449.png,1
fake_pure_479.png,1
fake_pure_3061.png,1
fake_pure_1821.png,1
fake_pure_2116.png,1
fake_pure_1711.png,1
fake_pure_3144.png,1
fake_pure_221.png,1
fake_pure_234.png,1
fake_pure_1035.png,1
fake_pure_3522.png,1
fake_pure_713.png,1
fake_pure_2460.png,1
fake_pure_1010.png,1
fake_pure_2944.png,1
fake_pure_2454.png,1
fake_pure_4813.png,1
fake_pure_3261.png,1
fake_pure_649.png,1
fake_pure_1413.png,1
fake_pure_538.png,1
fake_pure_103.png,1
fake_pure_3740.png,1
fake_pure_2561.png,1
fake_pure_482.png,1
fake_pure_193.png,1
fake_pure_847.png,1
fake_pure_1514.png,1
fake_pure_2341.png,1
fake_pure_1130.png,1
fake_pure_1219.png,1
fake_pure_2735.png,1
fake_pure_38.png,1
fake_pure_2423.png,1
fake_pure_142.png,1
fake_pure_3826.png,1
fake_pure_3137.png,1
fake_pure_2053.png,1
fake_pure_520.png,1
fake_pure_285.png,1
fake_pure_2361.png,1
fake_pure_4836.png,1
fake_pure_2215.png,1
fake_pure_1761.png,1
fake_pure_3942.png,1
fake_pure_3458.png,1
fake_pure_662.png,1
fake_pure_3044.png,1
fake_pure_1648.png,1
fake_pure_462.png,1
fake_pure_4256.png,1
fake_pure_1722.png,1
fake_pure_1719.png,1
fake_pure_4456.png,1
fake_pure_059.png,1
fake_pure_2722.png,1
fake_pure_2228.png,1
fake_pure_1060.png,1
fake_pure_4011.png,1
fake_pure_1143.png,1
fake_pure_318.png,1
fake_pure_2323.png,1
fake_pure_836.png,1
fake_pure_922.png,1
fake_pure_4861.png,1
fake_pure_3454.png,1
fake_pure_1222.png,1
fake_pure_4412.png,1
fake_pure_1839.png,1
fake_pure_4620.png,1
fake_pure_1939.png,1
fake_pure_328.png,1
fake_pure_4538.png,1
fake_pure_1850.png,1
fake_pure_166.png,1
fake_pure_1444.png,1
fake_pure_4722.png,1
fake_pure_4319.png,1
fake_pure_147.png,1
fake_pure_1754.png,1
fake_pure_2941.png,1
fake_pure_3011.png,1
fake_pure_352.png,1
fake_pure_4755.png,1
fake_pure_2016.png,1
fake_pure_3553.png,1
fake_pure_2761.png,1
fake_pure_2223.png,1
fake_pure_70.png,1
fake_pure_4325.png,1
fake_pure_4831.png,1
fake_pure_2854.png,1
fake_pure_2617.png,1
fake_pure_378.png,1
fake_pure_3661.png,1
fake_pure_4637.png,1
fake_pure_1451.png,1
fake_pure_1829.png,1
fake_pure_283.png,1
fake_pure_852.png,1
fake_pure_16.png,1
fake_pure_2446.png,1
fake_pure_3017.png,1
fake_pure_060.png,1
fake_pure_3537.png,1
fake_pure_3243.png,1
fake_pure_1314.png,1
fake_pure_1353.png,1
fake_pure_4328.png,1
fake_pure_91.png,1
fake_pure_837.png,1
fake_pure_4548.png,1
fake_pure_625.png,1
fake_pure_2727.png,1
fake_pure_033.png,1
fake_pure_1132.png,1
fake_pure_1725.png,1
fake_pure_1029.png,1
fake_pure_49.png,1
fake_pure_340.png,1
fake_pure_1523.png,1
fake_pure_2257.png,1
fake_pure_415.png,1
fake_pure_3157.png,1
fake_pure_4112.png,1
fake_pure_4944.png,1
fake_pure_2320.png,1
fake_pure_1762.png,1
fake_pure_4142.png,1
fake_pure_4859.png,1
fake_pure_2819.png,1
fake_pure_629.png,1
fake_pure_3855.png,1
fake_pure_1246.png,1
fake_pure_4452.png,1
fake_pure_225.png,1
fake_pure_111.png,1
fake_pure_1619.png,1
fake_pure_3342.png,1
fake_pure_3535.png,1
fake_pure_2737.png,1
fake_pure_745.png,1
fake_pure_3815.png,1
fake_pure_4629.png,1
fake_pure_4233.png,1
fake_pure_2619.png,1
fake_pure_1922.png,1
fake_pure_117.png,1
fake_pure_3447.png,1
fake_pure_4314.png,1
fake_pure_176.png,1
fake_pure_1339.png,1
fake_pure_4545.png,1
fake_pure_243.png,1
fake_pure_260.png,1
fake_pure_4317.png,1
fake_pure_4716.png,1
fake_pure_03.png,1
fake_pure_2946.png,1
fake_pure_270.png,1
fake_pure_1360.png,1
fake_pure_2732.png,1
fake_pure_1526.png,1
fake_pure_4013.png,1
fake_pure_4057.png,1
fake_pure_299.png,1
fake_pure_2962.png,1
fake_pure_647.png,1
fake_pure_811.png,1
fake_pure_1712.png,1
fake_pure_632.png,1
fake_pure_4221.png,1
fake_pure_1830.png,1
fake_pure_3226.png,1
fake_pure_2058.png,1
fake_pure_1524.png,1
fake_pure_714.png,1
fake_pure_2130.png,1
fake_pure_4844.png,1
fake_pure_1630.png,1
fake_pure_010.png,1
fake_pure_4950.png,1
fake_pure_2932.png,1
fake_pure_3346.png,1
fake_pure_219.png,1
fake_pure_2324.png,1
fake_pure_4627.png,1
fake_pure_2235.png,1
fake_pure_4352.png,1
fake_pure_3858.png,1
fake_pure_1631.png,1
fake_pure_254.png,1
fake_pure_4516.png,1
fake_pure_3662.png,1
fake_pure_249.png,1
fake_pure_1652.png,1
fake_pure_2419.png,1
fake_pure_3330.png,1
fake_pure_012.png,1
fake_pure_1447.png,1
fake_pure_2112.png,1
fake_pure_3040.png,1
fake_pure_57.png,1
fake_pure_4819.png,1
fake_pure_3638.png,1
fake_pure_2415.png,1
fake_pure_2013.png,1
fake_pure_4645.png,1
fake_pure_181.png,1
fake_pure_288.png,1
fake_pure_057.png,1
fake_pure_4043.png,1
fake_pure_4258.png,1
fake_pure_199.png,1
fake_pure_3751.png,1
fake_pure_1333.png,1
fake_pure_3049.png,1
fake_pure_2615.png,1
fake_pure_212.png,1
fake_pure_3925.png,1
fake_pure_624.png,1
fake_pure_539.png,1
fake_pure_041.png,1
fake_pure_4024.png,1
fake_pure_1533.png,1
fake_pure_216.png,1
fake_pure_1227.png,1
fake_pure_4417.png,1
fake_pure_4632.png,1
fake_pure_2514.png,1
fake_pure_3654.png,1
fake_pure_4215.png,1
fake_pure_195.png,1
fake_pure_1837.png,1
fake_pure_2537.png,1
fake_pure_026.png,1
fake_pure_543.png,1
fake_pure_2625.png,1
fake_pure_2044.png,1
fake_pure_1055.png,1
fake_pure_2829.png,1
fake_pure_286.png,1
fake_pure_920.png,1
fake_pure_2046.png,1
fake_pure_3442.png,1
fake_pure_1140.png,1
fake_pure_4732.png,1
fake_pure_3524.png,1
fake_pure_919.png,1
fake_pure_3413.png,1
fake_pure_2158.png,1
fake_pure_1147.png,1
fake_pure_46.png,1
fake_pure_1455.png,1
fake_pure_2242.png,1
fake_pure_1532.png,1
fake_pure_3439.png,1
fake_pure_160.png,1
fake_pure_3461.png,1
fake_pure_3318.png,1
fake_pure_163.png,1
fake_pure_327.png,1
fake_pure_3123.png,1
fake_pure_2560.png,1
fake_pure_4415.png,1
fake_pure_1854.png,1
fake_pure_1561.png,1
fake_pure_3035.png,1
fake_pure_3154.png,1
fake_pure_3834.png,1
fake_pure_228.png,1
fake_pure_3321.png,1
fake_pure_1344.png,1
fake_pure_132.png,1
fake_pure_4227.png,1
fake_pure_362.png,1
fake_pure_4360.png,1
fake_pure_4847.png,1
fake_pure_1847.png,1
fake_pure_2432.png,1
fake_pure_95.png,1
fake_pure_241.png,1
fake_pure_2429.png,1
fake_pure_1017.png,1
fake_pure_76.png,1
fake_pure_1233.png,1
fake_pure_2531.png,1
fake_pure_3843.png,1
fake_pure_1346.png,1
fake_pure_1724.png,1
fake_pure_4935.png,1
fake_pure_1033.png,1
fake_pure_4229.png,1
fake_pure_2738.png,1
fake_pure_4544.png,1
fake_pure_3336.png,1
fake_pure_3934.png,1
fake_pure_2736.png,1
fake_pure_2618.png,1
fake_pure_2528.png,1
fake_pure_1347.png,1
fake_pure_2642.png,1
fake_pure_198.png,1
fake_pure_4537.png,1
fake_pure_3648.png,1
fake_pure_3810.png,1
fake_pure_3059.png,1
fake_pure_821.png,1
fake_pure_1639.png,1
fake_pure_3145.png,1
fake_pure_1458.png,1
fake_pure_2937.png,1
fake_pure_3824.png,1
fake_pure_2733.png,1
fake_pure_280.png,1
fake_pure_2661.png,1
fake_pure_4854.png,1
fake_pure_82.png,1
fake_pure_2310.png,1
fake_pure_4060.png,1
fake_pure_3344.png,1
fake_pure_1041.png,1
fake_pure_4214.png,1
fake_pure_4323.png,1
fake_pure_4114.png,1
fake_pure_4310.png,1
fake_pure_365.png,1
fake_pure_428.png,1
fake_pure_301.png,1
fake_pure_175.png,1
fake_pure_3436.png,1
fake_pure_1244.png,1
fake_pure_1135.png,1
fake_pure_218.png,1
fake_pure_3020.png,1
fake_pure_151.png,1
fake_pure_1329.png,1
fake_pure_3424.png,1
fake_pure_2113.png,1
fake_pure_469.png,1
fake_pure_3328.png,1
fake_pure_4726.png,1
fake_pure_1228.png,1
fake_pure_3053.png,1
fake_pure_1225.png,1
fake_pure_754.png,1
fake_pure_247.png,1
fake_pure_246.png,1
fake_pure_2050.png,1
fake_pure_4230.png,1
fake_pure_4762.png,1
fake_pure_317.png,1
fake_pure_3926.png,1
fake_pure_810.png,1
fake_pure_2238.png,1
fake_pure_1419.png,1
fake_pure_2650.png,1
fake_pure_738.png,1
fake_pure_641.png,1
fake_pure_1748.png,1
fake_pure_4345.png,1
fake_pure_3348.png,1
fake_pure_4611.png,1
fake_pure_1534.png,1
fake_pure_162.png,1
fake_pure_4454.png,1
fake_pure_752.png,1
fake_pure_4331.png,1
fake_pure_2553.png,1
fake_pure_2919.png,1
fake_pure_282.png,1
fake_pure_4511.png,1
fake_pure_3457.png,1
fake_pure_468.png,1
fake_pure_410.png,1
fake_pure_4623.png,1
fake_pure_3132.png,1
fake_pure_1156.png,1
fake_pure_623.png,1
fake_pure_1859.png,1
fake_pure_3155.png,1
fake_pure_3127.png,1
fake_pure_2959.png,1
fake_pure_3513.png,1
fake_pure_1858.png,1
fake_pure_4010.png,1
fake_pure_2234.png,1
fake_pure_4562.png,1
fake_pure_2654.png,1
fake_pure_375.png,1
fake_pure_349.png,1
fake_pure_516.png,1
fake_pure_224.png,1
fake_pure_4638.png,1
fake_pure_109.png,1
fake_pure_273.png,1
fake_pure_3542.png,1
fake_pure_432.png,1
fake_pure_3510.png,1
fake_pure_3236.png,1
fake_pure_548.png,1
fake_pure_2921.png,1
fake_pure_3822.png,1
fake_pure_4531.png,1
fake_pure_4160.png,1
fake_pure_553.png,1
fake_pure_1551.png,1
fake_pure_660.png,1
fake_pure_1836.png,1
fake_pure_2461.png,1
fake_pure_1153.png,1
fake_pure_3440.png,1
fake_pure_4555.png,1
fake_pure_2755.png,1
fake_pure_612.png,1
fake_pure_3757.png,1
fake_pure_2014.png,1
fake_pure_40.png,1
fake_pure_3562.png,1
fake_pure_710.png,1
fake_pure_3312.png,1
fake_pure_1537.png,1
fake_pure_3215.png,1
fake_pure_757.png,1
fake_pure_2030.png,1
fake_pure_4742.png,1
fake_pure_1418.png,1
fake_pure_339.png,1
fake_pure_1036.png,1
fake_pure_3242.png,1
fake_pure_3322.png,1
fake_pure_4336.png,1
fake_pure_4848.png,1
fake_pure_851.png,1
fake_pure_1014.png,1
fake_pure_2426.png,1
fake_pure_88.png,1
fake_pure_4054.png,1
fake_pure_190.png,1
fake_pure_4032.png,1
fake_pure_1753.png,1
fake_pure_734.png,1
fake_pure_3343.png,1
fake_pure_20.png,1
fake_pure_3216.png,1
fake_pure_4029.png,1
fake_pure_4419.png,1
fake_pure_100.png,1
fake_pure_2416.png,1
fake_pure_3735.png,1
fake_pure_2934.png,1
fake_pure_115.png,1
fake_pure_510.png,1
fake_pure_4058.png,1
fake_pure_944.png,1
fake_pure_826.png,1
fake_pure_186.png,1
fake_pure_1857.png,1
fake_pure_2450.png,1
fake_pure_1144.png,1
fake_pure_4746.png,1
fake_pure_4210.png,1
fake_pure_2835.png,1
fake_pure_1655.png,1
fake_pure_3746.png,1
fake_pure_4432.png,1
fake_pure_2648.png,1
fake_pure_4552.png,1
fake_pure_2033.png,1
fake_pure_3937.png,1
fake_pure_721.png,1
fake_pure_1415.png,1
fake_pure_4625.png,1
fake_pure_4517.png,1
fake_pure_2442.png,1
fake_pure_486.png,1
fake_pure_731.png,1
fake_pure_2032.png,1
fake_pure_4312.png,1
fake_pure_3531.png,1
fake_pure_1352.png,1
fake_pure_4318.png,1
fake_pure_2928.png,1
fake_pure_4719.png,1
fake_pure_1749.png,1
fake_pure_618.png,1
fake_pure_4334.png,1
fake_pure_1828.png,1
fake_pure_1054.png,1
fake_pure_616.png,1
fake_pure_4927.png,1
fake_pure_2249.png,1
fake_pure_1732.png,1
fake_pure_2634.png,1
fake_pure_2339.png,1
fake_pure_1038.png,1
fake_pure_512.png,1
fake_pure_1224.png,1
fake_pure_2753.png,1
fake_pure_3345.png,1
fake_pure_4047.png,1
fake_pure_58.png,1
fake_pure_3335.png,1
fake_pure_1835.png,1
fake_pure_2222.png,1
fake_pure_159.png,1
fake_pure_2825.png,1
fake_pure_715.png,1
fake_pure_150.png,1
fake_pure_856.png,1
fake_pure_3139.png,1
fake_pure_3211.png,1
fake_pure_15.png,1
fake_pure_561.png,1
fake_pure_1943.png,1
fake_pure_3032.png,1
fake_pure_4426.png,1
fake_pure_373.png,1
fake_pure_3120.png,1
fake_pure_1530.png,1
fake_pure_547.png,1
fake_pure_392.png,1
fake_pure_3637.png,1
fake_pure_1427.png,1
fake_pure_4820.png,1
fake_pure_3022.png,1
fake_pure_2652.png,1
fake_pure_3438.png,1
fake_pure_4022.png,1
fake_pure_1315.png,1
fake_pure_3750.png,1
fake_pure_1810.png,1
fake_pure_2859.png,1
fake_pure_4636.png,1
fake_pure_3416.png,1
fake_pure_1162.png,1
fake_pure_2942.png,1
fake_pure_192.png,1
fake_pure_1747.png,1
fake_pure_2557.png,1
fake_pure_4523.png,1
fake_pure_1949.png,1
fake_pure_4136.png,1
fake_pure_1918.png,1
fake_pure_258.png,1
fake_pure_4827.png,1
fake_pure_1356.png,1
fake_pure_1221.png,1
fake_pure_348.png,1
fake_pure_4840.png,1
fake_pure_1332.png,1
fake_pure_4330.png,1
fake_pure_3358.png,1
fake_pure_4332.png,1
fake_pure_3213.png,1
fake_pure_620.png,1
fake_pure_011.png,1
fake_pure_3419.png,1
fake_pure_310.png,1
fake_pure_4240.png,1
fake_pure_1150.png,1
fake_pure_4039.png,1
fake_pure_718.png,1
fake_pure_4340.png,1
fake_pure_4014.png,1
fake_pure_41.png,1
fake_pure_297.png,1
fake_pure_2043.png,1
fake_pure_2037.png,1
fake_pure_1318.png,1
fake_pure_441.png,1
fake_pure_1255.png,1
fake_pure_812.png,1
fake_pure_4251.png,1
fake_pure_2554.png,1
fake_pure_4743.png,1
fake_pure_2453.png,1
fake_pure_4438.png,1
fake_pure_388.png,1
fake_pure_2124.png,1
fake_pure_2436.png,1
fake_pure_2057.png,1
fake_pure_2115.png,1
fake_pure_2515.png,1
fake_pure_1323.png,1
fake_pure_4242.png,1
fake_pure_4761.png,1
fake_pure_1445.png,1
fake_pure_3214.png,1
fake_pure_1759.png,1
fake_pure_1131.png,1
fake_pure_2433.png,1
fake_pure_3959.png,1
fake_pure_834.png,1
fake_pure_2830.png,1
fake_pure_3726.png,1
fake_pure_4922.png,1
fake_pure_3918.png,1
fake_pure_4528.png,1
fake_pure_1258.png,1
fake_pure_2162.png,1
fake_pure_4313.png,1
fake_pure_2029.png,1
fake_pure_061.png,1
fake_pure_915.png,1
fake_pure_389.png,1
fake_pure_1210.png,1
fake_pure_337.png,1
fake_pure_211.png,1
fake_pure_1234.png,1
fake_pure_1146.png,1
fake_pure_534.png,1
fake_pure_4930.png,1
fake_pure_3818.png,1
fake_pure_2353.png,1
fake_pure_025.png,1
fake_pure_2457.png,1
fake_pure_278.png,1
fake_pure_3819.png,1
fake_pure_3534.png,1
fake_pure_3162.png,1
fake_pure_161.png,1
fake_pure_1650.png,1
fake_pure_2547.png,1
fake_pure_2028.png,1
fake_pure_634.png,1
fake_pure_3756.png,1
fake_pure_3838.png,1
fake_pure_2556.png,1
fake_pure_1257.png,1
fake_pure_2321.png,1
fake_pure_238.png,1
fake_pure_1624.png,1
fake_pure_138.png,1
fake_pure_281.png,1
fake_pure_2034.png,1
fake_pure_4134.png,1
fake_pure_172.png,1
fake_pure_2913.png,1
fake_pure_2132.png,1
fake_pure_422.png,1
fake_pure_3229.png,1
fake_pure_3241.png,1
fake_pure_344.png,1
fake_pure_3932.png,1
fake_pure_4532.png,1
fake_pure_2123.png,1
fake_pure_4152.png,1
fake_pure_824.png,1
fake_pure_4436.png,1
fake_pure_148.png,1
fake_pure_4333.png,1
fake_pure_3915.png,1
fake_pure_4343.png,1
fake_pure_4424.png,1
fake_pure_3921.png,1
fake_pure_1116.png,1
fake_pure_4932.png,1
fake_pure_4259.png,1
fake_pure_3450.png,1
fake_pure_3749.png,1
fake_pure_1646.png,1
fake_pure_3923.png,1
fake_pure_4914.png,1
fake_pure_1957.png,1
fake_pure_4619.png,1
fake_pure_4618.png,1
fake_pure_051.png,1
fake_pure_2335.png,1
fake_pure_2527.png,1
fake_pure_3745.png,1
fake_pure_4858.png,1
fake_pure_4920.png,1
fake_pure_18.png,1
fake_pure_3950.png,1
fake_pure_48.png,1
fake_pure_473.png,1
fake_pure_2061.png,1
fake_pure_4335.png,1
fake_pure_3712.png,1
fake_pure_3227.png,1
fake_pure_1928.png,1
fake_pure_399.png,1
fake_pure_723.png,1
fake_pure_1552.png,1
fake_pure_1916.png,1
fake_pure_2911.png,1
fake_pure_4110.png,1
fake_pure_747.png,1
fake_pure_1746.png,1
fake_pure_08.png,1
fake_pure_24.png,1
fake_pure_3359.png,1
fake_pure_222.png,1
fake_pure_4362.png,1
fake_pure_2623.png,1
fake_pure_141.png,1
fake_pure_1825.png,1
fake_pure_4656.png,1
fake_pure_2641.png,1
fake_pure_3319.png,1
fake_pure_2445.png,1
fake_pure_383.png,1
fake_pure_1325.png,1
fake_pure_917.png,1
fake_pure_2343.png,1
fake_pure_3210.png,1
fake_pure_93.png,1
fake_pure_523.png,1
fake_pure_3523.png,1
fake_pure_73.png,1
fake_pure_1460.png,1
fake_pure_4960.png,1
fake_pure_4734.png,1
fake_pure_2936.png,1
fake_pure_4414.png,1
fake_pure_3431.png,1
fake_pure_3752.png,1
fake_pure_2740.png,1
fake_pure_2143.png,1
fake_pure_1959.png,1
fake_pure_4443.png,1
fake_pure_1925.png,1
fake_pure_1411.png,1
fake_pure_3657.png,1
fake_pure_3842.png,1
fake_pure_1926.png,1
fake_pure_3111.png,1
fake_pure_753.png,1
fake_pure_519.png,1
fake_pure_3512.png,1
fake_pure_3849.png,1
fake_pure_962.png,1
fake_pure_3861.png,1
fake_pure_4053.png,1
fake_pure_3610.png,1
fake_pure_136.png,1
fake_pure_1556.png,1
fake_pure_2259.png,1
fake_pure_4837.png,1
fake_pure_1549.png,1
fake_pure_746.png,1
fake_pure_481.png,1
fake_pure_3832.png,1
fake_pure_2831.png,1
fake_pure_135.png,1
fake_pure_635.png,1
fake_pure_174.png,1
fake_pure_1230.png,1
fake_pure_3848.png,1
fake_pure_4254.png,1
fake_pure_3329.png,1
fake_pure_1123.png,1
fake_pure_554.png,1
fake_pure_2233.png,1
fake_pure_2910.png,1
fake_pure_4612.png,1
fake_pure_99.png,1
fake_pure_2438.png,1
fake_pure_2945.png,1
fake_pure_3612.png,1
fake_pure_1057.png,1
fake_pure_2329.png,1
fake_pure_648.png,1
fake_pure_4143.png,1
fake_pure_2221.png,1
fake_pure_1638.png,1
fake_pure_4522.png,1
fake_pure_4534.png,1
fake_pure_2421.png,1
fake_pure_215.png,1
fake_pure_1911.png,1
fake_pure_1111.png,1
fake_pure_2119.png,1
fake_pure_2135.png,1
fake_pure_039.png,1
fake_pure_2018.png,1
fake_pure_1713.png,1
fake_pure_4811.png,1
fake_pure_257.png,1
fake_pure_828.png,1
fake_pure_4038.png,1
fake_pure_031.png,1
fake_pure_1354.png,1
fake_pure_1642.png,1
fake_pure_419.png,1
fake_pure_379.png,1
fake_pure_329.png,1
fake_pure_4462.png,1
fake_pure_4951.png,1
fake_pure_2511.png,1
fake_pure_157.png,1
fake_pure_4218.png,1
fake_pure_1256.png,1
fake_pure_946.png,1
fake_pure_4217.png,1
fake_pure_2026.png,1
fake_pure_3453.png,1
fake_pure_272.png,1
fake_pure_125.png,1
fake_pure_4553.png,1
fake_pure_030.png,1
fake_pure_3228.png,1
fake_pure_1337.png,1
fake_pure_3516.png,1
fake_pure_177.png,1
fake_pure_107.png,1
fake_pure_3839.png,1
fake_pure_306.png,1
fake_pure_87.png,1
fake_pure_2350.png,1
fake_pure_761.png,1
fake_pure_4144.png,1
fake_pure_213.png,1
fake_pure_06.png,1
fake_pure_961.png,1
fake_pure_168.png,1
fake_pure_1245.png,1
fake_pure_4912.png,1
fake_pure_3917.png,1
fake_pure_1438.png,1
fake_pure_743.png,1
fake_pure_61.png,1
fake_pure_813.png,1
fake_pure_4654.png,1
fake_pure_2417.png,1
fake_pure_3351.png,1
fake_pure_2025.png,1
fake_pure_1435.png,1
fake_pure_1517.png,1
fake_pure_3443.png,1
fake_pure_4133.png,1
fake_pure_4640.png,1
fake_pure_2430.png,1
fake_pure_4146.png,1
fake_pure_55.png,1
fake_pure_358.png,1
fake_pure_4862.png,1
fake_pure_4747.png,1
fake_pure_480.png,1
fake_pure_4031.png,1
fake_pure_4213.png,1
fake_pure_4751.png,1
fake_pure_3933.png,1
fake_pure_062.png,1
fake_pure_3936.png,1
fake_pure_3725.png,1
fake_pure_173.png,1
fake_pure_4838.png,1
fake_pure_3161.png,1
fake_pure_952.png,1
fake_pure_4657.png,1
fake_pure_4320.png,1
fake_pure_196.png,1
fake_pure_4453.png,1
fake_pure_560.png,1
fake_pure_416.png,1
fake_pure_1312.png,1
fake_pure_562.png,1
fake_pure_527.png,1
fake_pure_4829.png,1
fake_pure_1716.png,1
fake_pure_4738.png,1
fake_pure_4055.png,1
fake_pure_3027.png,1
fake_pure_2923.png,1
fake_pure_3820.png,1
fake_pure_3158.png,1
fake_pure_2344.png,1
fake_pure_2940.png,1
fake_pure_3619.png,1
fake_pure_191.png,1
fake_pure_345.png,1
fake_pure_4913.png,1
fake_pure_939.png,1
fake_pure_51.png,1
fake_pure_4138.png,1
fake_pure_29.png,1
fake_pure_3829.png,1
fake_pure_1454.png,1
fake_pure_3412.png,1
fake_pure_314.png,1
fake_pure_2843.png,1
fake_pure_3411.png,1
fake_pure_377.png,1
fake_pure_4253.png,1
fake_pure_4349.png,1
fake_pure_2725.png,1
fake_pure_2024.png,1
fake_pure_2759.png,1
fake_pure_1154.png,1
fake_pure_1823.png,1
fake_pure_1137.png,1
fake_pure_513.png,1
fake_pure_253.png,1
fake_pure_3845.png,1
fake_pure_391.png,1
fake_pure_4753.png,1
fake_pure_346.png,1
fake_pure_2949.png,1
fake_pure_524.png,1
fake_pure_3538.png,1
fake_pure_3156.png,1
fake_pure_4614.png,1
fake_pure_1831.png,1
fake_pure_035.png,1
fake_pure_2251.png,1
fake_pure_308.png,1
fake_pure_4943.png,1
fake_pure_4812.png,1
fake_pure_1218.png,1
fake_pure_3719.png,1
fake_pure_2925.png,1
fake_pure_3212.png,1
fake_pure_2622.png,1
fake_pure_1721.png,1
fake_pure_1626.png,1
fake_pure_2839.png,1
fake_pure_2538.png,1
fake_pure_1326.png,1
fake_pure_1046.png,1
fake_pure_4940.png,1
fake_pure_2632.png,1
fake_pure_1730.png,1
fake_pure_1946.png,1
fake_pure_2929.png,1
fake_pure_4262.png,1
fake_pure_2526.png,1
fake_pure_3727.png,1
fake_pure_1452.png,1
fake_pure_2956.png,1
fake_pure_3352.png,1
fake_pure_3753.png,1
fake_pure_2930.png,1
fake_pure_4124.png,1
fake_pure_3831.png,1
fake_pure_4435.png,1
fake_pure_129.png,1
fake_pure_4418.png,1
fake_pure_3615.png,1
fake_pure_146.png,1
fake_pure_1338.png,1
fake_pure_3259.png,1
fake_pure_293.png,1
fake_pure_1951.png,1
fake_pure_750.png,1
fake_pure_325.png,1
fake_pure_2357.png,1
fake_pure_4945.png,1
fake_pure_1345.png,1
fake_pure_4041.png,1
fake_pure_323.png,1
fake_pure_2211.png,1
fake_pure_940.png,1
fake_pure_4224.png,1
fake_pure_016.png,1
fake_pure_927.png,1
fake_pure_287.png,1
fake_pure_4448.png,1
fake_pure_266.png,1
fake_pure_4461.png,1
fake_pure_1449.png,1
fake_pure_3543.png,1
fake_pure_2751.png,1
fake_pure_1019.png,1
fake_pure_1637.png,1
fake_pure_540.png,1
fake_pure_1611.png,1
fake_pure_3435.png,1
fake_pure_514.png,1
fake_pure_1139.png,1
fake_pure_164.png,1
fake_pure_4441.png,1
fake_pure_1742.png,1
fake_pure_4359.png,1
fake_pure_1215.png,1
fake_pure_3924.png,1
fake_pure_464.png,1
fake_pure_2916.png,1
fake_pure_3721.png,1
fake_pure_307.png,1
fake_pure_2612.png,1
fake_pure_1414.png,1
fake_pure_67.png,1
fake_pure_4925.png,1
fake_pure_3131.png,1
fake_pure_4248.png,1
fake_pure_81.png,1
fake_pure_131.png,1
fake_pure_2645.png,1
fake_pure_3548.png,1
fake_pure_446.png,1
fake_pure_4539.png,1
fake_pure_1056.png,1
fake_pure_1640.png,1
fake_pure_2155.png,1
fake_pure_2551.png,1
fake_pure_171.png,1
fake_pure_756.png,1
fake_pure_3124.png,1
fake_pure_1816.png,1
fake_pure_3530.png,1
fake_pure_3244.png,1
fake_pure_4121.png,1
fake_pure_459.png,1
fake_pure_3736.png,1
fake_pure_2413.png,1
fake_pure_2850.png,1
fake_pure_3119.png,1
fake_pure_1016.png,1
fake_pure_2525.png,1
fake_pure_1450.png,1
fake_pure_2938.png,1
fake_pure_2856.png,1
fake_pure_4832.png,1
fake_pure_427.png,1
fake_pure_4525.png,1
fake_pure_2225.png,1
fake_pure_737.png,1
fake_pure_2414.png,1
fake_pure_644.png,1
fake_pure_108.png,1
fake_pure_1149.png,1
fake_pure_1927.png,1
fake_pure_3732.png,1
fake_pure_3128.png,1
fake_pure_2156.png,1
fake_pure_3821.png,1
fake_pure_2435.png,1
fake_pure_27.png,1
fake_pure_4521.png,1
fake_pure_4954.png,1
fake_pure_1553.png,1
fake_pure_400.png,1
fake_pure_477.png,1
fake_pure_3626.png,1
fake_pure_4643.png,1
fake_pure_3033.png,1
fake_pure_350.png,1
fake_pure_437.png,1
fake_pure_90.png,1
fake_pure_3761.png,1
fake_pure_4154.png,1
fake_pure_44.png,1
fake_pure_3233.png,1
fake_pure_2862.png,1
fake_pure_2644.png,1
fake_pure_2860.png,1
fake_pure_727.png,1
fake_pure_170.png,1
fake_pure_1820.png,1
fake_pure_2332.png,1
fake_pure_740.png,1
fake_pure_3944.png,1
fake_pure_123.png,1
fake_pure_4510.png,1
fake_pure_1744.png,1
fake_pure_1757.png,1
fake_pure_1115.png,1
fake_pure_4926.png,1
fake_pure_2437.png,1
fake_pure_279.png,1
fake_pure_1223.png,1
fake_pure_4834.png,1
fake_pure_478.png,1
fake_pure_4646.png,1
fake_pure_4354.png,1
fake_pure_2912.png,1
fake_pure_018.png,1
fake_pure_022.png,1
fake_pure_3041.png,1
fake_pure_645.png,1
fake_pure_959.png,1
fake_pure_1851.png,1
fake_pure_1114.png,1
fake_pure_854.png,1
fake_pure_024.png,1
fake_pure_717.png,1
fake_pure_1612.png,1
fake_pure_938.png,1
fake_pure_758.png,1
fake_pure_3762.png,1
fake_pure_2812.png,1
fake_pure_029.png,1
fake_pure_205.png,1
fake_pure_536.png,1
fake_pure_126.png,1
fake_pure_4710.png,1
fake_pure_1141.png,1
fake_pure_2534.png,1
fake_pure_640.png,1
fake_pure_2758.png,1
fake_pure_912.png,1
fake_pure_4118.png,1
fake_pure_2958.png,1
fake_pure_849.png,1
fake_pure_376.png,1
fake_pure_165.png,1
fake_pure_3931.png,1
fake_pure_353.png,1
fake_pure_4048.png,1
fake_pure_2118.png,1
fake_pure_511.png,1
fake_pure_921.png,1
fake_pure_019.png,1
fake_pure_1243.png,1
fake_pure_1838.png,1
fake_pure_1562.png,1
fake_pure_13.png,1
fake_pure_4238.png,1
fake_pure_861.png,1
fake_pure_1125.png,1
fake_pure_78.png,1
fake_pure_1538.png,1
fake_pure_2216.png,1
fake_pure_2762.png,1
fake_pure_4634.png,1
fake_pure_4740.png,1
fake_pure_4147.png,1
fake_pure_2717.png,1
fake_pure_2431.png,1
fake_pure_1430.png,1
fake_pure_3642.png,1
fake_pure_368.png,1
fake_pure_4745.png,1
fake_pure_355.png,1
fake_pure_3326.png,1
fake_pure_113.png,1
fake_pure_2020.png,1
fake_pure_3541.png,1
fake_pure_237.png,1
fake_pure_3558.png,1
fake_pure_447.png,1
fake_pure_2146.png,1
fake_pure_2425.png,1
fake_pure_3339.png,1
fake_pure_3159.png,1
fake_pure_3313.png,1
fake_pure_3420.png,1
fake_pure_2147.png,1
fake_pure_2351.png,1
fake_pure_2348.png,1
fake_pure_4529.png,1
fake_pure_3429.png,1
fake_pure_4729.png,1
fake_pure_3916.png,1
fake_pure_4919.png,1
fake_pure_3935.png,1
fake_pure_244.png,1
fake_pure_545.png,1
fake_pure_4934.png,1
fake_pure_3650.png,1
fake_pure_537.png,1
fake_pure_4341.png,1
fake_pure_4613.png,1
fake_pure_2056.png,1
fake_pure_3533.png,1
fake_pure_2533.png,1
fake_pure_4661.png,1
fake_pure_220.png,1
fake_pure_265.png,1
fake_pure_489.png,1
fake_pure_393.png,1
fake_pure_4955.png,1
fake_pure_1018.png,1
fake_pure_3611.png,1
fake_pure_1833.png,1
fake_pure_613.png,1
fake_pure_85.png,1
fake_pure_3257.png,1
fake_pure_1520.png,1
fake_pure_80.png,1
fake_pure_1133.png,1
fake_pure_3320.png,1
fake_pure_4644.png,1
fake_pure_842.png,1
fake_pure_3039.png,1
fake_pure_4647.png,1
fake_pure_749.png,1
fake_pure_1142.png,1
fake_pure_2328.png,1
fake_pure_152.png,1
fake_pure_4150.png,1
fake_pure_4220.png,1
fake_pure_312.png,1
fake_pure_4839.png,1
fake_pure_1636.png,1
fake_pure_853.png,1
fake_pure_1023.png,1
fake_pure_488.png,1
fake_pure_3518.png,1
fake_pure_3456.png,1
fake_pure_4017.png,1
fake_pure_652.png,1
fake_pure_3759.png,1
fake_pure_555.png,1
fake_pure_3325.png,1
fake_pure_034.png,1
fake_pure_911.png,1
fake_pure_274.png,1
fake_pure_1030.png,1
fake_pure_1331.png,1
fake_pure_2220.png,1
fake_pure_1862.png,1
fake_pure_4455.png,1
fake_pure_036.png,1
fake_pure_3012.png,1
fake_pure_458.png,1
fake_pure_421.png,1
fake_pure_2157.png,1
fake_pure_3651.png,1
fake_pure_3030.png,1
fake_pure_476.png,1
fake_pure_4952.png,1
fake_pure_013.png,1
fake_pure_1260.png,1
fake_pure_1921.png,1
fake_pure_1633.png,1
fake_pure_3656.png,1
fake_pure_4459.png,1
fake_pure_2326.png,1
fake_pure_2428.png,1
fake_pure_2844.png,1
fake_pure_2539.png,1
fake_pure_331.png,1
fake_pure_3659.png,1
fake_pure_928.png,1
fake_pure_2815.png,1
fake_pure_3133.png,1
fake_pure_1441.png,1
fake_pure_332.png,1
fake_pure_2955.png,1
fake_pure_433.png,1
fake_pure_2529.png,1
fake_pure_3112.png,1
fake_pure_3324.png,1
fake_pure_2138.png,1
fake_pure_4648.png,1
fake_pure_1015.png,1
fake_pure_3817.png,1
fake_pure_1423.png,1
fake_pure_3255.png,1
fake_pure_1632.png,1
fake_pure_2922.png,1
fake_pure_3148.png,1
fake_pure_4427.png,1
fake_pure_3150.png,1
fake_pure_2340.png,1
fake_pure_2245.png,1
fake_pure_3430.png,1
fake_pure_4558.png,1
fake_pure_1250.png,1
fake_pure_949.png,1
fake_pure_436.png,1
fake_pure_1547.png,1
fake_pure_3238.png,1
fake_pure_4639.png,1
fake_pure_4023.png,1
fake_pure_2640.png,1
fake_pure_338.png,1
fake_pure_3023.png,1
fake_pure_1540.png,1
fake_pure_3742.png,1
fake_pure_4249.png,1
fake_pure_1161.png,1
fake_pure_418.png,1
fake_pure_31.png,1
fake_pure_2948.png,1
fake_pure_3711.png,1
fake_pure_1159.png,1
fake_pure_3717.png,1
fake_pure_1456.png,1
fake_pure_4228.png,1
fake_pure_4736.png,1
fake_pure_4533.png,1
fake_pure_4748.png,1
fake_pure_3835.png,1
fake_pure_2834.png,1
fake_pure_1621.png,1
fake_pure_2319.png,1
fake_pure_2950.png,1
fake_pure_1119.png,1
fake_pure_1047.png,1
fake_pure_3630.png,1
fake_pure_3449.png,1
fake_pure_3051.png,1
fake_pure_1855.png,1
fake_pure_3349.png,1
fake_pure_4433.png,1
fake_pure_1947.png,1
fake_pure_544.png,1
fake_pure_1945.png,1
fake_pure_408.png,1
fake_pure_1654.png,1
fake_pure_2931.png,1
fake_pure_762.png,1
fake_pure_3754.png,1
fake_pure_3333.png,1
fake_pure_916.png,1
fake_pure_2920.png,1
fake_pure_556.png,1
fake_pure_1529.png,1
fake_pure_841.png,1
fake_pure_3914.png,1
fake_pure_4841.png,1
fake_pure_4344.png,1
fake_pure_3034.png,1
fake_pure_2639.png,1
fake_pure_2022.png,1
fake_pure_1217.png,1
fake_pure_3631.png,1
fake_pure_4916.png,1
fake_pure_947.png,1
fake_pure_3850.png,1
fake_pure_2562.png,1
fake_pure_3341.png,1
fake_pure_2152.png,1
fake_pure_490.png,1
fake_pure_2355.png,1
fake_pure_3956.png,1
fake_pure_4547.png,1
fake_pure_2926.png,1
fake_pure_3422.png,1
fake_pure_2915.png,1
fake_pure_3644.png,1
fake_pure_2139.png,1
fake_pure_2047.png,1
fake_pure_550.png,1
fake_pure_431.png,1
fake_pure_2721.png,1
fake_pure_4633.png,1
fake_pure_2039.png,1
fake_pure_1328.png,1
fake_pure_4361.png,1
fake_pure_4156.png,1
fake_pure_424.png,1
fake_pure_2742.png,1
fake_pure_2734.png,1
fake_pure_3354.png,1
fake_pure_4216.png,1
fake_pure_153.png,1
fake_pure_3836.png,1
fake_pure_1956.png,1
fake_pure_4446.png,1
fake_pure_4161.png,1
fake_pure_4554.png,1
fake_pure_3136.png,1
fake_pure_263.png,1
fake_pure_4560.png,1
fake_pure_104.png,1
fake_pure_1935.png,1
fake_pure_2218.png,1
fake_pure_2422.png,1
fake_pure_1934.png,1
fake_pure_1714.png,1
fake_pure_4059.png,1
fake_pure_2726.png,1
fake_pure_3955.png,1
fake_pure_1813.png,1
fake_pure_2855.png,1
fake_pure_3825.png,1
fake_pure_4260.png,1
fake_pure_2128.png,1
fake_pure_3222.png,1
fake_pure_1457.png,1
fake_pure_1817.png,1
fake_pure_945.png,1
fake_pure_3426.png,1
fake_pure_493.png,1
fake_pure_630.png,1
fake_pure_1920.png,1
fake_pure_1358.png,1
fake_pure_4724.png,1
fake_pure_409.png,1
fake_pure_4712.png,1
fake_pure_4239.png,1
fake_pure_354.png,1
fake_pure_289.png,1
fake_pure_2362.png,1
fake_pure_4321.png,1
fake_pure_950.png,1
fake_pure_1160.png,1
fake_pure_3247.png,1
fake_pure_3854.png,1
fake_pure_4739.png,1
fake_pure_614.png,1
fake_pure_4428.png,1
fake_pure_3521.png,1
fake_pure_380.png,1
fake_pure_3311.png,1
fake_pure_3912.png,1
fake_pure_426.png,1
fake_pure_1410.png,1
fake_pure_3245.png,1
fake_pure_2545.png,1
fake_pure_2720.png,1
fake_pure_3957.png,1
fake_pure_294.png,1
fake_pure_1261.png,1
fake_pure_291.png,1
fake_pure_4123.png,1
fake_pure_1617.png,1
fake_pure_139.png,1
fake_pure_2040.png,1
fake_pure_650.png,1
fake_pure_2052.png,1
fake_pure_2935.png,1
fake_pure_2951.png,1
fake_pure_926.png,1
fake_pure_4741.png,1
fake_pure_1944.png,1
fake_pure_4662.png,1
fake_pure_106.png,1
fake_pure_4035.png,1
fake_pure_4536.png,1
fake_pure_66.png,1
fake_pure_2455.png,1
fake_pure_2148.png,1
fake_pure_2614.png,1
fake_pure_2933.png,1
fake_pure_397.png,1
fake_pure_661.png,1
fake_pure_4413.png,1
fake_pure_4337.png,1
fake_pure_4851.png,1
fake_pure_2322.png,1
fake_pure_3529.png,1
fake_pure_2651.png,1
fake_pure_2256.png,1
fake_pure_122.png,1
fake_pure_2449.png,1
fake_pure_455.png,1
fake_pure_744.png,1
fake_pure_1442.png,1
fake_pure_3250.png,1
fake_pure_1212.png,1
fake_pure_2846.png,1
fake_pure_28.png,1
fake_pure_633.png,1
fake_pure_3952.png,1
fake_pure_3641.png,1
fake_pure_4137.png,1
fake_pure_2840.png,1
fake_pure_3135.png,1
fake_pure_227.png,1
fake_pure_209.png,1
fake_pure_3627.png,1
fake_pure_3353.png,1
fake_pure_2010.png,1
fake_pure_3622.png,1
fake_pure_3554.png,1
fake_pure_4015.png,1
fake_pure_1262.png,1
fake_pure_4823.png,1
fake_pure_137.png,1
fake_pure_1525.png,1
fake_pure_3220.png,1
fake_pure_3249.png,1
fake_pure_60.png,1
fake_pure_182.png,1
fake_pure_3014.png,1
fake_pure_1752.png,1
fake_pure_4853.png,1
fake_pure_3544.png,1
fake_pure_298.png,1
fake_pure_1942.png,1
fake_pure_4037.png,1
fake_pure_3433.png,1
fake_pure_3260.png,1
fake_pure_4049.png,1
fake_pure_3555.png,1
fake_pure_736.png,1
fake_pure_36.png,1
fake_pure_3646.png,1
fake_pure_535.png,1
fake_pure_3015.png,1
fake_pure_370.png,1
fake_pure_2015.png,1
fake_pure_4921.png,1
fake_pure_4527.png,1
fake_pure_4421.png,1
fake_pure_1121.png,1
fake_pure_3122.png,1
fake_pure_2017.png,1
fake_pure_1034.png,1
fake_pure_1138.png,1
fake_pure_1528.png,1
fake_pure_3410.png,1
fake_pure_3733.png,1
fake_pure_1728.png,1
fake_pure_1334.png,1
fake_pure_4326.png,1
fake_pure_4245.png,1
fake_pure_3840.png,1
fake_pure_2048.png,1
fake_pure_491.png,1
fake_pure_610.png,1
fake_pure_1112.png,1
fake_pure_2532.png,1
fake_pure_2313.png,1
fake_pure_4052.png,1
fake_pure_3623.png,1
fake_pure_1515.png,1
fake_pure_4649.png,1
fake_pure_1539.png,1
fake_pure_4713.png,1
fake_pure_4949.png,1
fake_pure_2110.png,1
fake_pure_1240.png,1
fake_pure_4155.png,1
fake_pure_3913.png,1
fake_pure_200.png,1
fake_pure_1124.png,1
fake_pure_3332.png,1
fake_pure_3010.png,1
fake_pure_4157.png,1
fake_pure_2848.png,1
fake_pure_2129.png,1
fake_pure_3262.png,1
fake_pure_4830.png,1
fake_pure_1040.png,1
fake_pure_2546.png,1
fake_pure_187.png,1
fake_pure_3347.png,1
fake_pure_3714.png,1
fake_pure_2517.png,1
fake_pure_015.png,1
fake_pure_855.png,1
fake_pure_59.png,1
fake_pure_932.png,1
fake_pure_2041.png,1
fake_pure_3728.png,1
fake_pure_4718.png,1
fake_pure_1616.png,1
fake_pure_2133.png,1
fake_pure_2224.png,1
fake_pure_1043.png,1
fake_pure_1129.png,1
fake_pure_232.png,1
fake_pure_2760.png,1
fake_pure_4042.png,1
fake_pure_1310.png,1
fake_pure_1343.png,1
fake_pure_450.png,1
fake_pure_2754.png,1
fake_pure_4130.png,1
fake_pure_1518.png,1
fake_pure_3958.png,1
fake_pure_2541.png,1
fake_pure_4237.png,1
fake_pure_3355.png,1
fake_pure_2360.png,1
fake_pure_43.png,1
fake_pure_4556.png,1
fake_pure_4311.png,1
fake_pure_2616.png,1
fake_pure_3940.png,1
fake_pure_2917.png,1
fake_pure_517.png,1
fake_pure_2448.png,1
fake_pure_2756.png,1
fake_pure_4020.png,1
fake_pure_4241.png,1
fake_pure_1513.png,1
fake_pure_2241.png,1
fake_pure_955.png,1
fake_pure_4760.png,1
fake_pure_403.png,1
fake_pure_4139.png,1
fake_pure_4116.png,1
fake_pure_4543.png,1
fake_pure_2144.png,1
fake_pure_3629.png,1
fake_pure_1512.png,1
fake_pure_4141.png,1
fake_pure_611.png,1
fake_pure_3331.png,1
fake_pure_1738.png,1
fake_pure_3812.png,1
fake_pure_2627.png,1
fake_pure_1026.png,1
fake_pure_020.png,1
fake_pure_4561.png,1
fake_pure_4824.png,1
fake_pure_615.png,1
fake_pure_405.png,1
fake_pure_4946.png,1
fake_pure_2828.png,1
fake_pure_1510.png,1
fake_pure_133.png,1
fake_pure_4833.png,1
fake_pure_2141.png,1
fake_pure_474.png,1
fake_pure_145.png,1
fake_pure_3252.png,1
fake_pure_1028.png,1
fake_pure_3223.png,1
fake_pure_2213.png,1
fake_pure_056.png,1
fake_pure_466.png,1
fake_pure_3125.png,1
fake_pure_4757.png,1
fake_pure_4127.png,1
fake_pure_1849.png,1
fake_pure_960.png,1
fake_pure_1628.png,1
fake_pure_549.png,1
fake_pure_4617.png,1
fake_pure_3517.png,1
fake_pure_4348.png,1
fake_pure_1645.png,1
fake_pure_4252.png,1
fake_pure_300.png,1
fake_pure_3232.png,1
fake_pure_2161.png,1
fake_pure_2824.png,1
fake_pure_1812.png,1
fake_pure_533.png,1
fake_pure_1662.png,1
fake_pure_3134.png,1
fake_pure_558.png,1
fake_pure_2636.png,1
fake_pure_1936.png,1
fake_pure_2358.png,1
fake_pure_4526.png,1
fake_pure_1940.png,1
fake_pure_2229.png,1
fake_pure_4915.png,1
fake_pure_4519.png,1
fake_pure_492.png,1
fake_pure_4351.png,1
fake_pure_4018.png,1
fake_pure_398.png,1
fake_pure_169.png,1
fake_pure_1220.png,1
fake_pure_429.png,1
fake_pure_3743.png,1
fake_pure_74.png,1
fake_pure_3715.png,1
fake_pure_725.png,1
fake_pure_2729.png,1
fake_pure_4128.png,1
fake_pure_526.png,1
fake_pure_3444.png,1
fake_pure_267.png,1
fake_pure_2131.png,1
fake_pure_1726.png,1
fake_pure_295.png,1
fake_pure_498.png,1
fake_pure_2054.png,1
fake_pure_4250.png,1
fake_pure_1324.png,1
fake_pure_4460.png,1
fake_pure_2316.png,1
fake_pure_2849.png,1
fake_pure_4162.png,1
fake_pure_027.png,1
fake_pure_942.png,1
fake_pure_3730.png,1
fake_pure_735.png,1
fake_pure_2914.png,1
fake_pure_240.png,1
fake_pure_1426.png,1
fake_pure_4818.png,1
fake_pure_047.png,1
fake_pure_3844.png,1
fake_pure_1313.png,1
fake_pure_1950.png,1
fake_pure_3928.png,1
fake_pure_3536.png,1
fake_pure_3448.png,1
fake_pure_930.png,1
fake_pure_2513.png,1
fake_pure_1653.png,1
fake_pure_3141.png,1
fake_pure_2219.png,1
fake_pure_3323.png,1
fake_pure_1914.png,1
fake_pure_1058.png,1
fake_pure_4410.png,1
fake_pure_3624.png,1
fake_pure_1861.png,1
fake_pure_2254.png,1
fake_pure_2314.png,1
fake_pure_1536.png,1
fake_pure_1118.png,1
fake_pure_1558.png,1
fake_pure_1844.png,1
fake_pure_3634.png,1
fake_pure_3058.png,1
fake_pure_2711.png,1
fake_pure_053.png,1
fake_pure_4630.png,1
fake_pure_1322.png,1
fake_pure_98.png,1
fake_pure_487.png,1
fake_pure_3857.png,1
fake_pure_2012.png,1
fake_pure_4339.png,1
fake_pure_1543.png,1
fake_pure_1860.png,1
fake_pure_4631.png,1
fake_pure_2748.png,1
fake_pure_1424.png,1
fake_pure_2512.png,1
fake_pure_3814.png,1
fake_pure_4660.png,1
fake_pure_814.png,1
fake_pure_2954.png,1
fake_pure_2060.png,1
fake_pure_320.png,1
fake_pure_3652.png,1
fake_pure_3649.png,1
fake_pure_2121.png,1
fake_pure_1954.png,1
fake_pure_2833.png,1
fake_pure_01.png,1
fake_pure_1158.png,1
fake_pure_3847.png,1
fake_pure_21.png,1
fake_pure_2330.png,1
fake_pure_2649.png,1
fake_pure_2347.png,1
fake_pure_1649.png,1
fake_pure_1961.png,1
fake_pure_1020.png,1
fake_pure_3961.png,1
fake_pure_406.png,1
fake_pure_296.png,1
fake_pure_68.png,1
fake_pure_4752.png,1
fake_pure_052.png,1
fake_pure_367.png,1
fake_pure_1527.png,1
fake_pure_2549.png,1
fake_pure_3043.png,1
fake_pure_1917.png,1
fake_pure_4845.png,1
fake_pure_17.png,1
fake_pure_33.png,1
fake_pure_3922.png,1
fake_pure_1216.png,1
fake_pure_3142.png,1
fake_pure_435.png,1
fake_pure_2336.png,1
fake_pure_054.png,1
fake_pure_4546.png,1
fake_pure_1715.png,1
fake_pure_105.png,1
fake_pure_1843.png,1
fake_pure_521.png,1
fake_pure_1032.png,1
fake_pure_116.png,1
fake_pure_2258.png,1
fake_pure_2718.png,1
fake_pure_617.png,1
fake_pure_4450.png,1
fake_pure_4857.png,1
fake_pure_3117.png,1
fake_pure_631.png,1
fake_pure_4635.png,1
fake_pure_1613.png,1
fake_pure_2311.png,1
fake_pure_1431.png,1
fake_pure_4941.png,1
fake_pure_3153.png,1
fake_pure_363.png,1
fake_pure_75.png,1
fake_pure_2253.png,1
fake_pure_4550.png,1
fake_pure_3545.png,1
fake_pure_472.png,1
fake_pure_495.png,1
fake_pure_1012.png,1
fake_pure_859.png,1
fake_pure_2633.png,1
fake_pure_2845.png,1
fake_pure_4355.png,1
fake_pure_268.png,1
fake_pure_3152.png,1
fake_pure_12.png,1
fake_pure_3635.png,1
fake_pure_2252.png,1
fake_pure_4324.png,1
fake_pure_4119.png,1
fake_pure_3920.png,1
fake_pure_4151.png,1
fake_pure_4731.png,1
fake_pure_918.png,1
fake_pure_759.png,1
fake_pure_954.png,1
fake_pure_4028.png,1
fake_pure_3334.png,1
fake_pure_3147.png,1
fake_pure_1145.png,1
fake_pure_3224.png,1
fake_pure_541.png,1
fake_pure_4247.png,1
fake_pure_4917.png,1
fake_pure_850.png,1
fake_pure_385.png,1
fake_pure_1235.png,1
fake_pure_3929.png,1
fake_pure_360.png,1
fake_pure_1151.png,1
fake_pure_4222.png,1
fake_pure_4061.png,1
fake_pure_4735.png,1
fake_pure_2552.png,1
fake_pure_4149.png,1
fake_pure_2410.png,1
fake_pure_1610.png,1
fake_pure_1237.png,1
fake_pure_4520.png,1
fake_pure_2838.png,1
fake_pure_2750.png,1
fake_pure_2827.png,1
fake_pure_3939.png,1
fake_pure_1723.png,1
fake_pure_2823.png,1
fake_pure_496.png,1
fake_pure_303.png,1
fake_pure_860.png,1
fake_pure_497.png,1
fake_pure_1134.png,1
fake_pure_2260.png,1
fake_pure_2035.png,1
fake_pure_4939.png,1
fake_pure_3240.png,1
fake_pure_2522.png,1
fake_pure_2521.png,1
fake_pure_2140.png,1
fake_pure_1044.png,1
fake_pure_02.png,1
fake_pure_3129.png,1
fake_pure_4530.png,1
fake_pure_4852.png,1
fake_pure_1350.png,1
fake_pure_4826.png,1
fake_pure_4226.png,1
fake_pure_2841.png,1
fake_pure_4117.png,1
fake_pure_619.png,1
fake_pure_3827.png,1
fake_pure_4235.png,1
fake_pure_1051.png,1
fake_pure_2638.png,1
fake_pure_250.png,1
fake_pure_485.png,1
fake_pure_2749.png,1
fake_pure_4445.png,1
fake_pure_622.png,1
fake_pure_3026.png,1
fake_pure_2255.png,1
fake_pure_1417.png,1
fake_pure_1710.png,1
fake_pure_2816.png,1
fake_pure_2062.png,1
fake_pure_197.png,1
fake_pure_2520.png,1
fake_pure_4513.png,1
fake_pure_154.png,1
fake_pure_2117.png,1
fake_pure_3445.png,1
fake_pure_2811.png,1
fake_pure_4062.png,1
fake_pure_627.png,1
fake_pure_4027.png,1
fake_pure_3338.png,1
fake_pure_256.png,1
fake_pure_3256.png,1
fake_pure_2444.png,1
fake_pure_471.png,1
fake_pure_4846.png,1
fake_pure_1745.png,1
fake_pure_4145.png,1
fake_pure_2847.png,1
fake_pure_4750.png,1
fake_pure_56.png,1
fake_pure_4120.png,1
fake_pure_3953.png,1
fake_pure_1429.png,1
fake_pure_515.png,1
fake_pure_3960.png,1
fake_pure_1818.png,1
fake_pure_748.png,1
fake_pure_1361.png,1
fake_pure_3718.png,1
fake_pure_3239.png,1
fake_pure_448.png,1
fake_pure_3514.png,1
fake_pure_361.png,1
fake_pure_2810.png,1
fake_pure_4212.png,1
fake_pure_342.png,1
fake_pure_439.png,1
fake_pure_412.png,1
fake_pure_1336.png,1
fake_pure_2145.png,1
fake_pure_271.png,1
fake_pure_4551.png,1
fake_pure_1362.png,1
fake_pure_4956.png,1
fake_pure_1627.png,1
fake_pure_4045.png,1
fake_pure_1349.png,1
fake_pure_4148.png,1
fake_pure_816.png,1
fake_pure_2459.png,1
fake_pure_1853.png,1
fake_pure_2151.png,1
fake_pure_1117.png,1
fake_pure_2236.png,1
fake_pure_1439.png,1
fake_pure_3234.png,1
fake_pure_1910.png,1
fake_pure_4122.png,1
fake_pure_3446.png,1
fake_pure_1848.png,1
fake_pure_434.png,1
fake_pure_2757.png,1
fake_pure_3052.png,1
fake_pure_413.png,1
fake_pure_4535.png,1
fake_pure_2150.png,1
fake_pure_2346.png,1
fake_pure_3948.png,1
fake_pure_3653.png,1
fake_pure_1013.png,1
fake_pure_1311.png,1
fake_pure_2434.png,1
fake_pure_820.png,1
fake_pure_322.png,1
fake_pure_3947.png,1
fake_pure_2818.png,1
fake_pure_4849.png,1
fake_pure_929.png,1
fake_pure_4815.png,1
fake_pure_35.png,1
fake_pure_1756.png,1
fake_pure_3013.png,1
fake_pure_739.png,1
fake_pure_2243.png,1
fake_pure_1229.png,1
fake_pure_4711.png,1
fake_pure_656.png,1
fake_pure_4652.png,1
fake_pure_4430.png,1
fake_pure_4717.png,1
fake_pure_2019.png,1
fake_pure_2458.png,1
fake_pure_14.png,1
fake_pure_372.png,1
fake_pure_1814.png,1
fake_pure_382.png,1
fake_pure_1249.png,1
fake_pure_52.png,1
fake_pure_2658.png,1
fake_pure_23.png,1
fake_pure_1827.png,1
fake_pure_269.png,1
fake_pure_276.png,1
fake_pure_2042.png,1
fake_pure_4353.png,1
fake_pure_1022.png,1
fake_pure_3737.png,1
fake_pure_055.png,1
fake_pure_4842.png,1
fake_pure_4512.png,1
fake_pure_1239.png,1
fake_pure_3050.png,1
fake_pure_4338.png,1
fake_pure_937.png,1
fake_pure_1522.png,1
fake_pure_3625.png,1
fake_pure_1330.png,1
fake_pure_1919.png,1
fake_pure_2620.png,1
fake_pure_3614.png,1
fake_pure_2447.png,1
fake_pure_2232.png,1
fake_pure_2826.png,1
fake_pure_3130.png,1
fake_pure_3833.png,1
fake_pure_1127.png,1
fake_pure_3747.png,1
fake_pure_4758.png,1
fake_pure_2657.png,1
fake_pure_1421.png,1
fake_pure_110.png,1
fake_pure_1061.png,1
fake_pure_4422.png,1
fake_pure_290.png,1
fake_pure_2918.png,1
fake_pure_830.png,1
fake_pure_411.png,1
fake_pure_119.png,1
fake_pure_3511.png,1
fake_pure_3462.png,1
fake_pure_1933.png,1
fake_pure_3118.png,1
fake_pure_2518.png,1
fake_pure_2345.png,1
fake_pure_628.png,1
fake_pure_4924.png,1
fake_pure_4021.png,1
fake_pure_2924.png,1
fake_pure_321.png,1
fake_pure_309.png,1
fake_pure_10.png,1
fake_pure_2731.png,1
fake_pure_043.png,1
fake_pure_1555.png,1
fake_pure_69.png,1
fake_pure_3943.png,1
fake_pure_1120.png,1
fake_pure_3048.png,1
fake_pure_2723.png,1
fake_pure_1924.png,1
fake_pure_1834.png,1
fake_pure_1542.png,1
fake_pure_1048.png,1
fake_pure_1320.png,1
fake_pure_1251.png,1
fake_pure_4125.png,1
fake_pure_4549.png,1
fake_pure_2629.png,1
fake_pure_4937.png,1
fake_pure_2714.png,1
fake_pure_3945.png,1
fake_pure_726.png,1
fake_pure_2857.png,1
fake_pure_2653.png,1
fake_pure_4835.png,1
fake_pure_4050.png,1
fake_pure_913.png,1
fake_pure_3025.png,1
fake_pure_101.png,1
fake_pure_1842.png,1
fake_pure_518.png,1
fake_pure_330.png,1
fake_pure_3643.png,1
fake_pure_1931.png,1
fake_pure_440.png,1
fake_pure_4056.png,1
fake_pure_3758.png,1
fake_pure_4559.png,1
fake_pure_128.png,1
fake_pure_1615.png,1
fake_pure_4034.png,1
fake_pure_394.png,1
fake_pure_755.png,1
fake_pure_208.png,1
fake_pure_4828.png,1
fake_pure_2011.png,1
fake_pure_857.png,1
fake_pure_1912.png,1
fake_pure_924.png,1
fake_pure_1546.png,1
fake_pure_651.png,1
fake_pure_1618.png,1
fake_pure_4541.png,1
fake_pure_4132.png,1
fake_pure_2542.png,1
fake_pure_3755.png,1
fake_pure_4030.png,1
fake_pure_4918.png,1
fake_pure_3218.png,1
fake_pure_188.png,1
fake_pure_730.png,1
fake_pure_3024.png,1
fake_pure_4051.png,1
fake_pure_528.png,1
fake_pure_463.png,1
fake_pure_1213.png,1
fake_pure_2261.png,1
fake_pure_2451.png,1
fake_pure_3258.png,1
fake_pure_316.png,1
fake_pure_931.png,1
fake_pure_4655.png,1
fake_pure_1832.png,1
fake_pure_4012.png,1
fake_pure_1948.png,1
fake_pure_4225.png,1
fake_pure_4131.png,1
fake_pure_2635.png,1
fake_pure_2621.png,1
fake_pure_1433.png,1
fake_pure_3647.png,1
fake_pure_3628.png,1
fake_pure_552.png,1
fake_pure_3045.png,1
fake_pure_3862.png,1
fake_pure_417.png,1
fake_pure_194.png,1
fake_pure_77.png,1
fake_pure_239.png,1
fake_pure_4153.png,1
fake_pure_4025.png,1
fake_pure_1516.png,1
fake_pure_1737.png,1
fake_pure_1915.png,1
fake_pure_4411.png,1
fake_pure_1425.png,1
fake_pure_315.png,1
fake_pure_840.png,1
fake_pure_3853.png,1
fake_pure_2745.png,1
fake_pure_4810.png,1
fake_pure_445.png,1
fake_pure_470.png,1
fake_pure_124.png,1
fake_pure_637.png,1
fake_pure_4113.png,1
fake_pure_143.png,1
fake_pure_3427.png,1
fake_pure_3744.png,1
fake_pure_366.png,1
fake_pure_454.png,1
fake_pure_1340.png,1
fake_pure_1634.png,1
fake_pure_4723.png,1
fake_pure_3451.png,1
fake_pure_3036.png,1
fake_pure_4931.png,1
fake_pure_2716.png,1
fake_pure_114.png,1
fake_pure_1453.png,1
fake_pure_2318.png,1
fake_pure_4316.png,1
fake_pure_4231.png,1
fake_pure_2342.png,1
fake_pure_1623.png,1
fake_pure_646.png,1
fake_pure_017.png,1
fake_pure_3962.png,1
fake_pure_2536.png,1
fake_pure_4111.png,1
fake_pure_1317.png,1
fake_pure_716.png,1
fake_pure_3738.png,1
fake_pure_275.png,1
fake_pure_3540.png,1
fake_pure_4938.png,1
fake_pure_1743.png,1
fake_pure_2555.png,1
fake_pure_2851.png,1
fake_pure_4923.png,1
fake_pure_2952.png,1
fake_pure_3639.png,1
fake_pure_3253.png,1
fake_pure_4236.png,1
fake_pure_4855.png,1
fake_pure_844.png,1
fake_pure_4911.png,1
fake_pure_4557.png,1
fake_pure_72.png,1
fake_pure_384.png,1
fake_pure_144.png,1
fake_pure_529.png,1
fake_pure_3115.png,1
fake_pure_4730.png,1
fake_pure_3640.png,1
fake_pure_3360.png,1
fake_pure_657.png,1
fake_pure_401.png,1
fake_pure_3417.png,1
fake_pure_3418.png,1
fake_pure_4817.png,1
fake_pure_3550.png,1
fake_pure_2452.png,1
fake_pure_4714.png,1
fake_pure_4961.png,1
fake_pure_2122.png,1
fake_pure_2356.png,1
fake_pure_021.png,1
fake_pure_4244.png,1
fake_pure_336.png,1
fake_pure_1341.png,1
fake_pure_1953.png,1
fake_pure_3552.png,1
fake_pure_4720.png,1
fake_pure_4929.png,1
fake_pure_1053.png,1
fake_pure_3235.png,1
fake_pure_3254.png,1
fake_pure_203.png,1
fake_pure_2247.png,1
fake_pure_825.png,1
fake_pure_3019.png,1
fake_pure_3841.png,1
fake_pure_343.png,1
fake_pure_2655.png,1
fake_pure_3734.png,1
fake_pure_724.png,1
fake_pure_023.png,1
fake_pure_1238.png,1
fake_pure_4358.png,1
fake_pure_3515.png,1
fake_pure_2516.png,1
fake_pure_2159.png,1
fake_pure_1050.png,1
fake_pure_1718.png,1
fake_pure_4825.png,1
fake_pure_2114.png,1
fake_pure_1643.png,1
fake_pure_1620.png,1
fake_pure_1629.png,1
fake_pure_1958.png,1
fake_pure_2953.png,1
fake_pure_1252.png,1
fake_pure_658.png,1
fake_pure_45.png,1
fake_pure_1811.png,1
fake_pure_4447.png,1
fake_pure_3221.png,1
fake_pure_3046.png,1
fake_pure_831.png,1
fake_pure_4621.png,1
fake_pure_2712.png,1
fake_pure_2858.png,1
fake_pure_1126.png,1
fake_pure_259.png,1
fake_pure_2424.png,1
fake_pure_2412.png,1
fake_pure_2227.png,1
fake_pure_97.png,1
fake_pure_3561.png,1
fake_pure_1644.png,1
fake_pure_4451.png,1
fake_pure_2637.png,1
fake_pure_1136.png,1
fake_pure_1758.png,1
fake_pure_3551.png,1
fake_pure_1052.png,1
fake_pure_4641.png,1
fake_pure_4759.png,1
fake_pure_3927.png,1
fake_pure_2540.png,1
fake_pure_2628.png,1
fake_pure_1930.png,1
fake_pure_044.png,1
fake_pure_943.png,1
fake_pure_1929.png,1
fake_pure_4420.png,1
fake_pure_4615.png,1
fake_pure_3140.png,1
fake_pure_3432.png,1
fake_pure_3557.png,1
fake_pure_3310.png,1
fake_pure_1259.png,1
fake_pure_4850.png,1
fake_pure_2023.png,1
fake_pure_158.png,1
fake_pure_3723.png,1
fake_pure_4843.png,1
fake_pure_2036.png,1
fake_pure_3031.png,1
fake_pure_442.png,1
fake_pure_3113.png,1
fake_pure_4434.png,1
fake_pure_3047.png,1
fake_pure_4425.png,1
fake_pure_32.png,1
fake_pure_292.png,1
fake_pure_559.png,1
fake_pure_1155.png,1
fake_pure_1740.png,1
fake_pure_395.png,1
fake_pure_3452.png,1
fake_pure_390.png,1
fake_pure_3441.png,1
fake_pure_1635.png,1
fake_pure_1327.png,1
fake_pure_4948.png,1
fake_pure_1122.png,1
fake_pure_2752.png,1
fake_pure_2456.png,1
fake_pure_2154.png,1
fake_pure_264.png,1
fake_pure_4737.png,1
fake_pure_848.png,1
fake_pure_2728.png,1
fake_pure_532.png,1
fake_pure_1025.png,1
fake_pure_925.png,1
fake_pure_2418.png,1
fake_pure_3160.png,1
fake_pure_1559.png,1
fake_pure_1357.png,1
fake_pure_2630.png,1
fake_pure_4651.png,1
fake_pure_1011.png,1
fake_pure_2327.png,1
fake_pure_4715.png,1
fake_pure_815.png,1
fake_pure_2631.png,1
fake_pure_4444.png,1
fake_pure_1049.png,1
fake_pure_2647.png,1
fake_pure_1434.png,1
fake_pure_1152.png,1
fake_pure_4933.png,1
fake_pure_63.png,1
fake_pure_4754.png,1
fake_pure_96.png,1
fake_pure_2021.png,1
fake_pure_3621.png,1
fake_pure_2544.png,1
fake_pure_1422.png,1
fake_pure_4928.png,1
fake_pure_741.png,1
fake_pure_4953.png,1
fake_pure_475.png,1
fake_pure_2559.png,1
fake_pure_636.png,1
fake_pure_2125.png,1
fake_pure_3350.png,1
fake_pure_4744.png,1
fake_pure_05.png,1
fake_pure_1461.png,1
fake_pure_86.png,1
fake_pure_2325.png,1
fake_pure_120.png,1
fake_pure_305.png,1
fake_pure_178.png,1
fake_pure_933.png,1
fake_pure_819.png,1
fake_pure_2550.png,1
fake_pure_4046.png,1
fake_pure_2817.png,1
fake_pure_229.png,1
fake_pure_530.png,1
fake_pure_4342.png,1
fake_pure_2352.png,1
fake_pure_1316.png,1
fake_pure_2240.png,1
fake_pure_2744.png,1
fake_pure_1819.png,1
fake_pure_2462.png,1
fake_pure_4440.png,1
fake_pure_364.png,1
fake_pure_3421.png,1
fake_pure_324.png,1
fake_pure_3251.png,1
fake_pure_62.png,1
fake_pure_3633.png,1
fake_pure_639.png,1
fake_pure_1647.png,1
fake_pure_2821.png,1
fake_pure_2214.png,1
fake_pure_3126.png,1
fake_pure_040.png,1
fake_pure_719.png,1
fake_pure_4135.png,1
fake_pure_94.png,1
fake_pure_2230.png,1
fake_pure_4650.png,1
fake_pure_2239.png,1
fake_pure_180.png,1
fake_pure_2646.png,1
fake_pure_953.png,1
fake_pure_1037.png,1
fake_pure_3851.png,1
fake_pure_3549.png,1
fake_pure_3237.png,1
fake_pure_4749.png,1
fake_pure_3327.png,1
fake_pure_2142.png,1
fake_pure_2331.png,1
fake_pure_1755.png,1
fake_pure_4959.png,1
fake_pure_2822.png,1
fake_pure_277.png,1
fake_pure_3362.png,1
fake_pure_4860.png,1
fake_pure_3660.png,1
fake_pure_79.png,1
fake_pure_11.png,1
fake_pure_3056.png,1
fake_pure_54.png,1
fake_pure_3741.png,1
fake_pure_3231.png,1
fake_pure_467.png,1
fake_pure_179.png,1
fake_pure_4733.png,1
fake_pure_2927.png,1
fake_pure_3710.png,1
fake_pure_149.png,1
fake_pure_4261.png,1
fake_pure_3415.png,1
fake_pure_1660.png,1
fake_pure_1248.png,1
fake_pure_2411.png,1
fake_pure_4357.png,1
fake_pure_3246.png,1
fake_pure_1852.png,1
fake_pure_2611.png,1
fake_pure_3038.png,1
fake_pure_1511.png,1
fake_pure_2715.png,1
fake_pure_3539.png,1
fake_pure_2820.png,1
fake_pure_1659.png,1
fake_pure_2535.png,1
fake_pure_1521.png,1
fake_pure_1731.png,1
fake_pure_333.png,1
fake_pure_2049.png,1
fake_pure_4016.png,1
fake_pure_3340.png,1
fake_pure_2530.png,1
fake_pure_1045.png,1
fake_pure_202.png,1
fake_pure_032.png,1
fake_pure_3062.png,1
fake_pure_92.png,1
fake_pure_121.png,1
fake_pure_34.png,1
fake_pure_214.png,1
fake_pure_2226.png,1
fake_pure_3146.png,1
fake_pure_167.png,1
fake_pure_251.png,1
fake_pure_3021.png,1
fake_pure_84.png,1
fake_pure_2262.png,1
fake_pure_2045.png,1
fake_pure_3042.png,1
fake_pure_3037.png,1
fake_pure_1658.png,1
fake_pure_1641.png,1
fake_pure_3645.png,1
fake_pure_638.png,1
fake_pure_09.png,1
fake_pure_3060.png,1
fake_pure_3560.png,1
fake_pure_1321.png,1
fake_pure_499.png,1
fake_pure_2217.png,1
fake_pure_525.png,1
fake_pure_2853.png,1
fake_pure_838.png,1
fake_pure_4416.png,1
fake_pure_155.png,1
fake_pure_728.png,1
fake_pure_2315.png,1
fake_pure_4243.png,1
fake_pure_4947.png,1
fake_pure_4159.png,1
fake_pure_833.png,1
fake_pure_2210.png,1
fake_pure_1443.png,1
fake_pure_712.png,1
fake_pure_252.png,1
fake_pure_1420.png,1
fake_pure_1254.png,1
fake_pure_1962.png,1
fake_pure_1428.png,1
fake_pure_1535.png,1
fake_pure_89.png,1
fake_pure_1113.png,1
fake_pure_204.png,1
fake_pure_048.png,1
fake_pure_823.png,1
fake_pure_127.png,1
fake_pure_956.png,1
fake_pure_3357.png,1
fake_pure_3846.png,1
fake_pure_722.png,1
fake_pure_3460.png,1
fake_pure_2957.png,1
fake_pure_2813.png,1
fake_pure_1437.png,1
fake_pure_118.png,1
fake_pure_3138.png,1
