fake_broken_1053.png,2
fake_broken_238.png,2
fake_broken_4460.png,2
fake_broken_1718.png,2
fake_broken_4534.png,2
fake_broken_353.png,2
fake_broken_3457.png,2
fake_broken_4242.png,2
fake_broken_3844.png,2
fake_broken_4340.png,2
fake_broken_36.png,2
fake_broken_3515.png,2
fake_broken_4336.png,2
fake_broken_831.png,2
fake_broken_1546.png,2
fake_broken_3859.png,2
fake_broken_2046.png,2
fake_broken_1462.png,2
fake_broken_931.png,2
fake_broken_74.png,2
fake_broken_1252.png,2
fake_broken_4643.png,2
fake_broken_1648.png,2
fake_broken_2242.png,2
fake_broken_3933.png,2
fake_broken_4311.png,2
fake_broken_761.png,2
fake_broken_3531.png,2
fake_broken_42.png,2
fake_broken_1747.png,2
fake_broken_2710.png,2
fake_broken_3352.png,2
fake_broken_1720.png,2
fake_broken_2536.png,2
fake_broken_4141.png,2
fake_broken_02.png,2
fake_broken_2122.png,2
fake_broken_4244.png,2
fake_broken_3523.png,2
fake_broken_2659.png,2
fake_broken_1812.png,2
fake_broken_97.png,2
fake_broken_3630.png,2
fake_broken_2957.png,2
fake_broken_1323.png,2
fake_broken_181.png,2
fake_broken_943.png,2
fake_broken_1716.png,2
fake_broken_939.png,2
fake_broken_4538.png,2
fake_broken_136.png,2
fake_broken_4944.png,2
fake_broken_2546.png,2
fake_broken_2119.png,2
fake_broken_3227.png,2
fake_broken_1641.png,2
fake_broken_477.png,2
fake_broken_1542.png,2
fake_broken_658.png,2
fake_broken_4614.png,2
fake_broken_268.png,2
fake_broken_200.png,2
fake_broken_2850.png,2
fake_broken_4332.png,2
fake_broken_2643.png,2
fake_broken_2649.png,2
fake_broken_4650.png,2
fake_broken_2061.png,2
fake_broken_495.png,2
fake_broken_3056.png,2
fake_broken_186.png,2
fake_broken_2358.png,2
fake_broken_4115.png,2
fake_broken_2724.png,2
fake_broken_389.png,2
fake_broken_1233.png,2
fake_broken_4734.png,2
fake_broken_4954.png,2
fake_broken_3450.png,2
fake_broken_199.png,2
fake_broken_2559.png,2
fake_broken_1433.png,2
fake_broken_214.png,2
fake_broken_1230.png,2
fake_broken_4860.png,2
fake_broken_3427.png,2
fake_broken_4959.png,2
fake_broken_2114.png,2
fake_broken_721.png,2
fake_broken_3426.png,2
fake_broken_2414.png,2
fake_broken_3949.png,2
fake_broken_420.png,2
fake_broken_1436.png,2
fake_broken_3757.png,2
fake_broken_2545.png,2
fake_broken_2033.png,2
fake_broken_4351.png,2
fake_broken_724.png,2
fake_broken_1662.png,2
fake_broken_77.png,2
fake_broken_2712.png,2
fake_broken_3941.png,2
fake_broken_3131.png,2
fake_broken_1548.png,2
fake_broken_757.png,2
fake_broken_3758.png,2
fake_broken_3124.png,2
fake_broken_4433.png,2
fake_broken_1645.png,2
fake_broken_4328.png,2
fake_broken_2741.png,2
fake_broken_411.png,2
fake_broken_1458.png,2
fake_broken_1229.png,2
fake_broken_3057.png,2
fake_broken_1258.png,2
fake_broken_4651.png,2
fake_broken_4131.png,2
fake_broken_4014.png,2
fake_broken_1059.png,2
fake_broken_4636.png,2
fake_broken_1420.png,2
fake_broken_3546.png,2
fake_broken_1734.png,2
fake_broken_2541.png,2
fake_broken_3135.png,2
fake_broken_2349.png,2
fake_broken_2435.png,2
fake_broken_4337.png,2
fake_broken_3010.png,2
fake_broken_3428.png,2
fake_broken_2320.png,2
fake_broken_2230.png,2
fake_broken_2421.png,2
fake_broken_2013.png,2
fake_broken_2827.png,2
fake_broken_854.png,2
fake_broken_1023.png,2
fake_broken_2522.png,2
fake_broken_1949.png,2
fake_broken_120.png,2
fake_broken_961.png,2
fake_broken_1936.png,2
fake_broken_3437.png,2
fake_broken_1741.png,2
fake_broken_1724.png,2
fake_broken_1855.png,2
fake_broken_4234.png,2
fake_broken_2340.png,2
fake_broken_321.png,2
fake_broken_4559.png,2
fake_broken_3058.png,2
fake_broken_3161.png,2
fake_broken_3361.png,2
fake_broken_358.png,2
fake_broken_4113.png,2
fake_broken_3040.png,2
fake_broken_624.png,2
fake_broken_036.png,2
fake_broken_4019.png,2
fake_broken_1011.png,2
fake_broken_3032.png,2
fake_broken_1737.png,2
fake_broken_834.png,2
fake_broken_062.png,2
fake_broken_2740.png,2
fake_broken_056.png,2
fake_broken_86.png,2
fake_broken_150.png,2
fake_broken_2755.png,2
fake_broken_2228.png,2
fake_broken_2412.png,2
fake_broken_3616.png,2
fake_broken_4013.png,2
fake_broken_193.png,2
fake_broken_4226.png,2
fake_broken_4043.png,2
fake_broken_4628.png,2
fake_broken_1725.png,2
fake_broken_4355.png,2
fake_broken_127.png,2
fake_broken_3014.png,2
fake_broken_246.png,2
fake_broken_1522.png,2
fake_broken_2056.png,2
fake_broken_2519.png,2
fake_broken_817.png,2
fake_broken_4149.png,2
fake_broken_059.png,2
fake_broken_4713.png,2
fake_broken_3330.png,2
fake_broken_2537.png,2
fake_broken_1150.png,2
fake_broken_1060.png,2
fake_broken_1628.png,2
fake_broken_832.png,2
fake_broken_3961.png,2
fake_broken_164.png,2
fake_broken_2721.png,2
fake_broken_4642.png,2
fake_broken_3447.png,2
fake_broken_4414.png,2
fake_broken_2918.png,2
fake_broken_219.png,2
fake_broken_1051.png,2
fake_broken_390.png,2
fake_broken_1145.png,2
fake_broken_3811.png,2
fake_broken_293.png,2
fake_broken_2120.png,2
fake_broken_1314.png,2
fake_broken_3061.png,2
fake_broken_023.png,2
fake_broken_15.png,2
fake_broken_3743.png,2
fake_broken_06.png,2
fake_broken_3925.png,2
fake_broken_4712.png,2
fake_broken_1260.png,2
fake_broken_754.png,2
fake_broken_1515.png,2
fake_broken_743.png,2
fake_broken_958.png,2
fake_broken_233.png,2
fake_broken_2028.png,2
fake_broken_2735.png,2
fake_broken_1311.png,2
fake_broken_4854.png,2
fake_broken_2518.png,2
fake_broken_2847.png,2
fake_broken_1232.png,2
fake_broken_1657.png,2
fake_broken_457.png,2
fake_broken_3232.png,2
fake_broken_3214.png,2
fake_broken_3915.png,2
fake_broken_2161.png,2
fake_broken_133.png,2
fake_broken_1342.png,2
fake_broken_367.png,2
fake_broken_253.png,2
fake_broken_031.png,2
fake_broken_4439.png,2
fake_broken_4021.png,2
fake_broken_3441.png,2
fake_broken_4125.png,2
fake_broken_3660.png,2
fake_broken_1153.png,2
fake_broken_4617.png,2
fake_broken_1536.png,2
fake_broken_4761.png,2
fake_broken_936.png,2
fake_broken_4510.png,2
fake_broken_357.png,2
fake_broken_1714.png,2
fake_broken_178.png,2
fake_broken_2713.png,2
fake_broken_1713.png,2
fake_broken_1340.png,2
fake_broken_180.png,2
fake_broken_4329.png,2
fake_broken_3510.png,2
fake_broken_3711.png,2
fake_broken_4111.png,2
fake_broken_2552.png,2
fake_broken_79.png,2
fake_broken_957.png,2
fake_broken_75.png,2
fake_broken_2535.png,2
fake_broken_3029.png,2
fake_broken_1129.png,2
fake_broken_3326.png,2
fake_broken_2753.png,2
fake_broken_262.png,2
fake_broken_255.png,2
fake_broken_2949.png,2
fake_broken_4359.png,2
fake_broken_3742.png,2
fake_broken_1427.png,2
fake_broken_2733.png,2
fake_broken_2910.png,2
fake_broken_91.png,2
fake_broken_4427.png,2
fake_broken_3646.png,2
fake_broken_1449.png,2
fake_broken_1119.png,2
fake_broken_1159.png,2
fake_broken_1612.png,2
fake_broken_00.png,2
fake_broken_2716.png,2
fake_broken_3921.png,2
fake_broken_3026.png,2
fake_broken_1435.png,2
fake_broken_4029.png,2
fake_broken_4151.png,2
fake_broken_1562.png,2
fake_broken_1218.png,2
fake_broken_4554.png,2
fake_broken_2041.png,2
fake_broken_918.png,2
fake_broken_4022.png,2
fake_broken_2633.png,2
fake_broken_1758.png,2
fake_broken_2946.png,2
fake_broken_2232.png,2
fake_broken_3425.png,2
fake_broken_1445.png,2
fake_broken_3417.png,2
fake_broken_3637.png,2
fake_broken_2647.png,2
fake_broken_4316.png,2
fake_broken_730.png,2
fake_broken_2258.png,2
fake_broken_3814.png,2
fake_broken_2410.png,2
fake_broken_1228.png,2
fake_broken_1249.png,2
fake_broken_2852.png,2
fake_broken_929.png,2
fake_broken_856.png,2
fake_broken_3825.png,2
fake_broken_3822.png,2
fake_broken_2821.png,2
fake_broken_259.png,2
fake_broken_2241.png,2
fake_broken_2938.png,2
fake_broken_1517.png,2
fake_broken_452.png,2
fake_broken_1147.png,2
fake_broken_3840.png,2
fake_broken_3948.png,2
fake_broken_061.png,2
fake_broken_70.png,2
fake_broken_3353.png,2
fake_broken_1931.png,2
fake_broken_1146.png,2
fake_broken_3649.png,2
fake_broken_454.png,2
fake_broken_554.png,2
fake_broken_59.png,2
fake_broken_3325.png,2
fake_broken_351.png,2
fake_broken_3251.png,2
fake_broken_295.png,2
fake_broken_1526.png,2
fake_broken_843.png,2
fake_broken_81.png,2
fake_broken_1617.png,2
fake_broken_498.png,2
fake_broken_4011.png,2
fake_broken_167.png,2
fake_broken_4739.png,2
fake_broken_722.png,2
fake_broken_718.png,2
fake_broken_1452.png,2
fake_broken_4716.png,2
fake_broken_4749.png,2
fake_broken_014.png,2
fake_broken_3157.png,2
fake_broken_2321.png,2
fake_broken_2524.png,2
fake_broken_497.png,2
fake_broken_3234.png,2
fake_broken_550.png,2
fake_broken_4442.png,2
fake_broken_1643.png,2
fake_broken_2219.png,2
fake_broken_610.png,2
fake_broken_3245.png,2
fake_broken_4918.png,2
fake_broken_1423.png,2
fake_broken_2229.png,2
fake_broken_2616.png,2
fake_broken_266.png,2
fake_broken_3314.png,2
fake_broken_461.png,2
fake_broken_2428.png,2
fake_broken_2855.png,2
fake_broken_3912.png,2
fake_broken_920.png,2
fake_broken_1544.png,2
fake_broken_2437.png,2
fake_broken_3553.png,2
fake_broken_64.png,2
fake_broken_3252.png,2
fake_broken_470.png,2
fake_broken_2142.png,2
fake_broken_1222.png,2
fake_broken_4757.png,2
fake_broken_1833.png,2
fake_broken_2558.png,2
fake_broken_1032.png,2
fake_broken_109.png,2
fake_broken_1226.png,2
fake_broken_1443.png,2
fake_broken_553.png,2
fake_broken_1241.png,2
fake_broken_316.png,2
fake_broken_2350.png,2
fake_broken_048.png,2
fake_broken_2627.png,2
fake_broken_729.png,2
fake_broken_1554.png,2
fake_broken_750.png,2
fake_broken_1719.png,2
fake_broken_379.png,2
fake_broken_309.png,2
fake_broken_3422.png,2
fake_broken_41.png,2
fake_broken_4416.png,2
fake_broken_030.png,2
fake_broken_101.png,2
fake_broken_4034.png,2
fake_broken_2216.png,2
fake_broken_4321.png,2
fake_broken_2246.png,2
fake_broken_3528.png,2
fake_broken_4532.png,2
fake_broken_3241.png,2
fake_broken_2015.png,2
fake_broken_659.png,2
fake_broken_1130.png,2
fake_broken_525.png,2
fake_broken_315.png,2
fake_broken_4259.png,2
fake_broken_140.png,2
fake_broken_3830.png,2
fake_broken_738.png,2
fake_broken_1223.png,2
fake_broken_3834.png,2
fake_broken_3145.png,2
fake_broken_2928.png,2
fake_broken_1610.png,2
fake_broken_3346.png,2
fake_broken_1040.png,2
fake_broken_3851.png,2
fake_broken_3328.png,2
fake_broken_2019.png,2
fake_broken_4239.png,2
fake_broken_3858.png,2
fake_broken_719.png,2
fake_broken_537.png,2
fake_broken_4354.png,2
fake_broken_4936.png,2
fake_broken_2530.png,2
fake_broken_2417.png,2
fake_broken_4929.png,2
fake_broken_1036.png,2
fake_broken_370.png,2
fake_broken_944.png,2
fake_broken_4133.png,2
fake_broken_4827.png,2
fake_broken_2941.png,2
fake_broken_1715.png,2
fake_broken_47.png,2
fake_broken_1857.png,2
fake_broken_426.png,2
fake_broken_3533.png,2
fake_broken_1853.png,2
fake_broken_4511.png,2
fake_broken_2839.png,2
fake_broken_2512.png,2
fake_broken_4657.png,2
fake_broken_3610.png,2
fake_broken_3850.png,2
fake_broken_263.png,2
fake_broken_4027.png,2
fake_broken_1761.png,2
fake_broken_2516.png,2
fake_broken_2240.png,2
fake_broken_1523.png,2
fake_broken_198.png,2
fake_broken_4917.png,2
fake_broken_135.png,2
fake_broken_2445.png,2
fake_broken_1327.png,2
fake_broken_471.png,2
fake_broken_3562.png,2
fake_broken_541.png,2
fake_broken_3233.png,2
fake_broken_2259.png,2
fake_broken_2316.png,2
fake_broken_1459.png,2
fake_broken_248.png,2
fake_broken_3756.png,2
fake_broken_1112.png,2
fake_broken_84.png,2
fake_broken_2526.png,2
fake_broken_1530.png,2
fake_broken_191.png,2
fake_broken_4326.png,2
fake_broken_3648.png,2
fake_broken_4249.png,2
fake_broken_3018.png,2
fake_broken_2134.png,2
fake_broken_4629.png,2
fake_broken_755.png,2
fake_broken_4046.png,2
fake_broken_3942.png,2
fake_broken_549.png,2
fake_broken_4350.png,2
fake_broken_4256.png,2
fake_broken_228.png,2
fake_broken_2820.png,2
fake_broken_559.png,2
fake_broken_954.png,2
fake_broken_3623.png,2
fake_broken_818.png,2
fake_broken_2462.png,2
fake_broken_4112.png,2
fake_broken_524.png,2
fake_broken_1431.png,2
fake_broken_494.png,2
fake_broken_1953.png,2
fake_broken_510.png,2
fake_broken_018.png,2
fake_broken_2461.png,2
fake_broken_4727.png,2
fake_broken_1735.png,2
fake_broken_3944.png,2
fake_broken_1358.png,2
fake_broken_1158.png,2
fake_broken_2331.png,2
fake_broken_1348.png,2
fake_broken_2441.png,2
fake_broken_3338.png,2
fake_broken_3448.png,2
fake_broken_3028.png,2
fake_broken_2912.png,2
fake_broken_408.png,2
fake_broken_1630.png,2
fake_broken_814.png,2
fake_broken_3826.png,2
fake_broken_2831.png,2
fake_broken_325.png,2
fake_broken_4330.png,2
fake_broken_111.png,2
fake_broken_2853.png,2
fake_broken_3927.png,2
fake_broken_1142.png,2
fake_broken_2646.png,2
fake_broken_4721.png,2
fake_broken_1512.png,2
fake_broken_735.png,2
fake_broken_4811.png,2
fake_broken_4723.png,2
fake_broken_3831.png,2
fake_broken_4261.png,2
fake_broken_4348.png,2
fake_broken_3351.png,2
fake_broken_4160.png,2
fake_broken_1316.png,2
fake_broken_2155.png,2
fake_broken_3618.png,2
fake_broken_2052.png,2
fake_broken_3027.png,2
fake_broken_3019.png,2
fake_broken_94.png,2
fake_broken_3836.png,2
fake_broken_4836.png,2
fake_broken_208.png,2
fake_broken_922.png,2
fake_broken_1210.png,2
fake_broken_3321.png,2
fake_broken_465.png,2
fake_broken_4010.png,2
fake_broken_4641.png,2
fake_broken_433.png,2
fake_broken_394.png,2
fake_broken_1826.png,2
fake_broken_4213.png,2
fake_broken_3642.png,2
fake_broken_294.png,2
fake_broken_2436.png,2
fake_broken_483.png,2
fake_broken_4842.png,2
fake_broken_861.png,2
fake_broken_842.png,2
fake_broken_2511.png,2
fake_broken_4210.png,2
fake_broken_87.png,2
fake_broken_493.png,2
fake_broken_3431.png,2
fake_broken_2859.png,2
fake_broken_3329.png,2
fake_broken_4834.png,2
fake_broken_1054.png,2
fake_broken_12.png,2
fake_broken_2044.png,2
fake_broken_1224.png,2
fake_broken_129.png,2
fake_broken_3315.png,2
fake_broken_1943.png,2
fake_broken_4844.png,2
fake_broken_1723.png,2
fake_broken_3111.png,2
fake_broken_2362.png,2
fake_broken_1841.png,2
fake_broken_2342.png,2
fake_broken_1945.png,2
fake_broken_2226.png,2
fake_broken_388.png,2
fake_broken_3832.png,2
fake_broken_2239.png,2
fake_broken_4258.png,2
fake_broken_2919.png,2
fake_broken_4042.png,2
fake_broken_4826.png,2
fake_broken_3855.png,2
fake_broken_4661.png,2
fake_broken_1453.png,2
fake_broken_2034.png,2
fake_broken_3641.png,2
fake_broken_3729.png,2
fake_broken_1960.png,2
fake_broken_82.png,2
fake_broken_4327.png,2
fake_broken_19.png,2
fake_broken_4430.png,2
fake_broken_941.png,2
fake_broken_3956.png,2
fake_broken_3047.png,2
fake_broken_1211.png,2
fake_broken_3551.png,2
fake_broken_4627.png,2
fake_broken_2021.png,2
fake_broken_4030.png,2
fake_broken_1126.png,2
fake_broken_1133.png,2
fake_broken_3632.png,2
fake_broken_404.png,2
fake_broken_318.png,2
fake_broken_324.png,2
fake_broken_656.png,2
fake_broken_1021.png,2
fake_broken_1310.png,2
fake_broken_852.png,2
fake_broken_1047.png,2
fake_broken_3144.png,2
fake_broken_3221.png,2
fake_broken_2011.png,2
fake_broken_3950.png,2
fake_broken_3331.png,2
fake_broken_3320.png,2
fake_broken_3529.png,2
fake_broken_33.png,2
fake_broken_2432.png,2
fake_broken_2723.png,2
fake_broken_3414.png,2
fake_broken_1155.png,2
fake_broken_413.png,2
fake_broken_432.png,2
fake_broken_3117.png,2
fake_broken_1154.png,2
fake_broken_3411.png,2
fake_broken_2614.png,2
fake_broken_154.png,2
fake_broken_3445.png,2
fake_broken_762.png,2
fake_broken_4817.png,2
fake_broken_1810.png,2
fake_broken_1259.png,2
fake_broken_3213.png,2
fake_broken_4647.png,2
fake_broken_3226.png,2
fake_broken_1056.png,2
fake_broken_654.png,2
fake_broken_2334.png,2
fake_broken_4419.png,2
fake_broken_4953.png,2
fake_broken_4710.png,2
fake_broken_1028.png,2
fake_broken_3849.png,2
fake_broken_1527.png,2
fake_broken_4835.png,2
fake_broken_2730.png,2
fake_broken_853.png,2
fake_broken_2762.png,2
fake_broken_438.png,2
fake_broken_3516.png,2
fake_broken_1539.png,2
fake_broken_1959.png,2
fake_broken_339.png,2
fake_broken_2751.png,2
fake_broken_2224.png,2
fake_broken_4040.png,2
fake_broken_4626.png,2
fake_broken_4057.png,2
fake_broken_1555.png,2
fake_broken_2542.png,2
fake_broken_4122.png,2
fake_broken_2460.png,2
fake_broken_2057.png,2
fake_broken_3332.png,2
fake_broken_717.png,2
fake_broken_3728.png,2
fake_broken_1749.png,2
fake_broken_2653.png,2
fake_broken_2017.png,2
fake_broken_4527.png,2
fake_broken_4421.png,2
fake_broken_360.png,2
fake_broken_2237.png,2
fake_broken_1347.png,2
fake_broken_2834.png,2
fake_broken_158.png,2
fake_broken_2356.png,2
fake_broken_4521.png,2
fake_broken_3350.png,2
fake_broken_3362.png,2
fake_broken_4338.png,2
fake_broken_22.png,2
fake_broken_369.png,2
fake_broken_2211.png,2
fake_broken_387.png,2
fake_broken_848.png,2
fake_broken_4143.png,2
fake_broken_4812.png,2
fake_broken_1646.png,2
fake_broken_1213.png,2
fake_broken_291.png,2
fake_broken_18.png,2
fake_broken_4123.png,2
fake_broken_025.png,2
fake_broken_2641.png,2
fake_broken_4153.png,2
fake_broken_2333.png,2
fake_broken_3748.png,2
fake_broken_816.png,2
fake_broken_2732.png,2
fake_broken_3153.png,2
fake_broken_4120.png,2
fake_broken_2829.png,2
fake_broken_385.png,2
fake_broken_4740.png,2
fake_broken_4453.png,2
fake_broken_3917.png,2
fake_broken_1033.png,2
fake_broken_759.png,2
fake_broken_3452.png,2
fake_broken_402.png,2
fake_broken_850.png,2
fake_broken_2543.png,2
fake_broken_3733.png,2
fake_broken_1421.png,2
fake_broken_429.png,2
fake_broken_4940.png,2
fake_broken_1835.png,2
fake_broken_175.png,2
fake_broken_747.png,2
fake_broken_1633.png,2
fake_broken_3945.png,2
fake_broken_1948.png,2
fake_broken_275.png,2
fake_broken_055.png,2
fake_broken_3127.png,2
fake_broken_836.png,2
fake_broken_2531.png,2
fake_broken_3760.png,2
fake_broken_439.png,2
fake_broken_249.png,2
fake_broken_1160.png,2
fake_broken_3535.png,2
fake_broken_2629.png,2
fake_broken_4232.png,2
fake_broken_2454.png,2
fake_broken_2040.png,2
fake_broken_1813.png,2
fake_broken_4560.png,2
fake_broken_3653.png,2
fake_broken_224.png,2
fake_broken_4243.png,2
fake_broken_4319.png,2
fake_broken_1552.png,2
fake_broken_472.png,2
fake_broken_3718.png,2
fake_broken_4130.png,2
fake_broken_1225.png,2
fake_broken_4735.png,2
fake_broken_209.png,2
fake_broken_2254.png,2
fake_broken_1845.png,2
fake_broken_4312.png,2
fake_broken_2626.png,2
fake_broken_2338.png,2
fake_broken_2429.png,2
fake_broken_822.png,2
fake_broken_631.png,2
fake_broken_742.png,2
fake_broken_3731.png,2
fake_broken_4920.png,2
fake_broken_1520.png,2
fake_broken_2731.png,2
fake_broken_024.png,2
fake_broken_745.png,2
fake_broken_1251.png,2
fake_broken_110.png,2
fake_broken_425.png,2
fake_broken_2854.png,2
fake_broken_2945.png,2
fake_broken_1922.png,2
fake_broken_2438.png,2
fake_broken_450.png,2
fake_broken_1111.png,2
fake_broken_4913.png,2
fake_broken_3857.png,2
fake_broken_3136.png,2
fake_broken_849.png,2
fake_broken_247.png,2
fake_broken_4413.png,2
fake_broken_3462.png,2
fake_broken_3727.png,2
fake_broken_187.png,2
fake_broken_2162.png,2
fake_broken_4630.png,2
fake_broken_4848.png,2
fake_broken_67.png,2
fake_broken_3239.png,2
fake_broken_4217.png,2
fake_broken_2822.png,2
fake_broken_3129.png,2
fake_broken_2060.png,2
fake_broken_932.png,2
fake_broken_4426.png,2
fake_broken_915.png,2
fake_broken_2413.png,2
fake_broken_4856.png,2
fake_broken_320.png,2
fake_broken_3042.png,2
fake_broken_4955.png,2
fake_broken_2620.png,2
fake_broken_329.png,2
fake_broken_3656.png,2
fake_broken_479.png,2
fake_broken_3719.png,2
fake_broken_825.png,2
fake_broken_1219.png,2
fake_broken_2026.png,2
fake_broken_3156.png,2
fake_broken_611.png,2
fake_broken_1658.png,2
fake_broken_2455.png,2
fake_broken_258.png,2
fake_broken_3220.png,2
fake_broken_3460.png,2
fake_broken_530.png,2
fake_broken_2529.png,2
fake_broken_468.png,2
fake_broken_2960.png,2
fake_broken_1019.png,2
fake_broken_2619.png,2
fake_broken_3337.png,2
fake_broken_362.png,2
fake_broken_1362.png,2
fake_broken_317.png,2
fake_broken_4546.png,2
fake_broken_2132.png,2
fake_broken_1859.png,2
fake_broken_819.png,2
fake_broken_2341.png,2
fake_broken_044.png,2
fake_broken_4361.png,2
fake_broken_3517.png,2
fake_broken_2930.png,2
fake_broken_2514.png,2
fake_broken_3013.png,2
fake_broken_251.png,2
fake_broken_4646.png,2
fake_broken_3051.png,2
fake_broken_30.png,2
fake_broken_207.png,2
fake_broken_73.png,2
fake_broken_3947.png,2
fake_broken_1634.png,2
fake_broken_3542.png,2
fake_broken_1042.png,2
fake_broken_453.png,2
fake_broken_533.png,2
fake_broken_2553.png,2
fake_broken_4939.png,2
fake_broken_1910.png,2
fake_broken_3853.png,2
fake_broken_652.png,2
fake_broken_342.png,2
fake_broken_2452.png,2
fake_broken_528.png,2
fake_broken_3615.png,2
fake_broken_2714.png,2
fake_broken_3643.png,2
fake_broken_930.png,2
fake_broken_1726.png,2
fake_broken_2243.png,2
fake_broken_2539.png,2
fake_broken_649.png,2
fake_broken_4437.png,2
fake_broken_1419.png,2
fake_broken_1640.png,2
fake_broken_4754.png,2
fake_broken_2154.png,2
fake_broken_4218.png,2
fake_broken_131.png,2
fake_broken_1636.png,2
fake_broken_1448.png,2
fake_broken_288.png,2
fake_broken_4946.png,2
fake_broken_520.png,2
fake_broken_4129.png,2
fake_broken_1844.png,2
fake_broken_2612.png,2
fake_broken_58.png,2
fake_broken_4859.png,2
fake_broken_4428.png,2
fake_broken_642.png,2
fake_broken_3043.png,2
fake_broken_1635.png,2
fake_broken_3340.png,2
fake_broken_4542.png,2
fake_broken_3432.png,2
fake_broken_4152.png,2
fake_broken_3936.png,2
fake_broken_2442.png,2
fake_broken_2311.png,2
fake_broken_1939.png,2
fake_broken_1653.png,2
fake_broken_4144.png,2
fake_broken_4819.png,2
fake_broken_2845.png,2
fake_broken_2952.png,2
fake_broken_3140.png,2
fake_broken_635.png,2
fake_broken_78.png,2
fake_broken_1836.png,2
fake_broken_2958.png,2
fake_broken_760.png,2
fake_broken_3339.png,2
fake_broken_2517.png,2
fake_broken_213.png,2
fake_broken_117.png,2
fake_broken_3721.png,2
fake_broken_1862.png,2
fake_broken_1955.png,2
fake_broken_2662.png,2
fake_broken_1432.png,2
fake_broken_1649.png,2
fake_broken_3558.png,2
fake_broken_751.png,2
fake_broken_3128.png,2
fake_broken_3439.png,2
fake_broken_3354.png,2
fake_broken_962.png,2
fake_broken_1049.png,2
fake_broken_32.png,2
fake_broken_4550.png,2
fake_broken_1456.png,2
fake_broken_813.png,2
fake_broken_627.png,2
fake_broken_2352.png,2
fake_broken_2926.png,2
fake_broken_121.png,2
fake_broken_2336.png,2
fake_broken_4824.png,2
fake_broken_201.png,2
fake_broken_460.png,2
fake_broken_182.png,2
fake_broken_4225.png,2
fake_broken_3148.png,2
fake_broken_98.png,2
fake_broken_2315.png,2
fake_broken_3022.png,2
fake_broken_3935.png,2
fake_broken_3845.png,2
fake_broken_2920.png,2
fake_broken_1828.png,2
fake_broken_296.png,2
fake_broken_4238.png,2
fake_broken_176.png,2
fake_broken_2152.png,2
fake_broken_2443.png,2
fake_broken_4825.png,2
fake_broken_104.png,2
fake_broken_4126.png,2
fake_broken_3243.png,2
fake_broken_3316.png,2
fake_broken_3560.png,2
fake_broken_3812.png,2
fake_broken_3559.png,2
fake_broken_2215.png,2
fake_broken_1322.png,2
fake_broken_034.png,2
fake_broken_3211.png,2
fake_broken_1152.png,2
fake_broken_1930.png,2
fake_broken_951.png,2
fake_broken_3734.png,2
fake_broken_2045.png,2
fake_broken_212.png,2
fake_broken_2113.png,2
fake_broken_4522.png,2
fake_broken_3154.png,2
fake_broken_736.png,2
fake_broken_4116.png,2
fake_broken_1013.png,2
fake_broken_4518.png,2
fake_broken_519.png,2
fake_broken_4410.png,2
fake_broken_2062.png,2
fake_broken_1840.png,2
fake_broken_2547.png,2
fake_broken_197.png,2
fake_broken_4927.png,2
fake_broken_4960.png,2
fake_broken_3255.png,2
fake_broken_1315.png,2
fake_broken_2622.png,2
fake_broken_1029.png,2
fake_broken_236.png,2
fake_broken_4520.png,2
fake_broken_4562.png,2
fake_broken_1511.png,2
fake_broken_4722.png,2
fake_broken_511.png,2
fake_broken_2023.png,2
fake_broken_4161.png,2
fake_broken_3848.png,2
fake_broken_24.png,2
fake_broken_1852.png,2
fake_broken_3012.png,2
fake_broken_2037.png,2
fake_broken_4461.png,2
fake_broken_4910.png,2
fake_broken_1057.png,2
fake_broken_3534.png,2
fake_broken_1239.png,2
fake_broken_328.png,2
fake_broken_1513.png,2
fake_broken_3052.png,2
fake_broken_3132.png,2
fake_broken_4654.png,2
fake_broken_940.png,2
fake_broken_1041.png,2
fake_broken_4760.png,2
fake_broken_1557.png,2
fake_broken_4310.png,2
fake_broken_4743.png,2
fake_broken_72.png,2
fake_broken_1255.png,2
fake_broken_1814.png,2
fake_broken_261.png,2
fake_broken_2156.png,2
fake_broken_3257.png,2
fake_broken_280.png,2
fake_broken_363.png,2
fake_broken_355.png,2
fake_broken_715.png,2
fake_broken_1655.png,2
fake_broken_2955.png,2
fake_broken_1528.png,2
fake_broken_2257.png,2
fake_broken_3236.png,2
fake_broken_1917.png,2
fake_broken_4756.png,2
fake_broken_4915.png,2
fake_broken_653.png,2
fake_broken_485.png,2
fake_broken_2645.png,2
fake_broken_1748.png,2
fake_broken_2430.png,2
fake_broken_3633.png,2
fake_broken_1137.png,2
fake_broken_3530.png,2
fake_broken_552.png,2
fake_broken_4512.png,2
fake_broken_1921.png,2
fake_broken_1824.png,2
fake_broken_1811.png,2
fake_broken_2149.png,2
fake_broken_462.png,2
fake_broken_3130.png,2
fake_broken_2335.png,2
fake_broken_4455.png,2
fake_broken_359.png,2
fake_broken_137.png,2
fake_broken_4923.png,2
fake_broken_1437.png,2
fake_broken_4158.png,2
fake_broken_4945.png,2
fake_broken_1926.png,2
fake_broken_2815.png,2
fake_broken_2832.png,2
fake_broken_4050.png,2
fake_broken_1817.png,2
fake_broken_4147.png,2
fake_broken_4829.png,2
fake_broken_3717.png,2
fake_broken_4055.png,2
fake_broken_4251.png,2
fake_broken_4529.png,2
fake_broken_3244.png,2
fake_broken_4025.png,2
fake_broken_4246.png,2
fake_broken_148.png,2
fake_broken_2326.png,2
fake_broken_4633.png,2
fake_broken_545.png,2
fake_broken_2544.png,2
fake_broken_4624.png,2
fake_broken_4049.png,2
fake_broken_712.png,2
fake_broken_2927.png,2
fake_broken_3720.png,2
fake_broken_1619.png,2
fake_broken_3134.png,2
fake_broken_2611.png,2
fake_broken_3659.png,2
fake_broken_3613.png,2
fake_broken_1842.png,2
fake_broken_2348.png,2
fake_broken_292.png,2
fake_broken_758.png,2
fake_broken_4018.png,2
fake_broken_61.png,2
fake_broken_192.png,2
fake_broken_2127.png,2
fake_broken_1729.png,2
fake_broken_2319.png,2
fake_broken_2631.png,2
fake_broken_746.png,2
fake_broken_1335.png,2
fake_broken_651.png,2
fake_broken_2456.png,2
fake_broken_3025.png,2
fake_broken_2323.png,2
fake_broken_278.png,2
fake_broken_3455.png,2
fake_broken_3415.png,2
fake_broken_356.png,2
fake_broken_4121.png,2
fake_broken_2459.png,2
fake_broken_2355.png,2
fake_broken_459.png,2
fake_broken_1121.png,2
fake_broken_1124.png,2
fake_broken_1961.png,2
fake_broken_3142.png,2
fake_broken_2851.png,2
fake_broken_2628.png,2
fake_broken_047.png,2
fake_broken_946.png,2
fake_broken_1044.png,2
fake_broken_4962.png,2
fake_broken_544.png,2
fake_broken_4028.png,2
fake_broken_1757.png,2
fake_broken_2353.png,2
fake_broken_2444.png,2
fake_broken_1854.png,2
fake_broken_2220.png,2
fake_broken_3461.png,2
fake_broken_4613.png,2
fake_broken_2249.png,2
fake_broken_4738.png,2
fake_broken_1848.png,2
fake_broken_013.png,2
fake_broken_4356.png,2
fake_broken_4451.png,2
fake_broken_1625.png,2
fake_broken_3940.png,2
fake_broken_4458.png,2
fake_broken_4618.png,2
fake_broken_463.png,2
fake_broken_3242.png,2
fake_broken_143.png,2
fake_broken_3647.png,2
fake_broken_3146.png,2
fake_broken_2235.png,2
fake_broken_196.png,2
fake_broken_2227.png,2
fake_broken_3913.png,2
fake_broken_3313.png,2
fake_broken_4017.png,2
fake_broken_2961.png,2
fake_broken_4441.png,2
fake_broken_1451.png,2
fake_broken_2727.png,2
fake_broken_2921.png,2
fake_broken_4411.png,2
fake_broken_3634.png,2
fake_broken_833.png,2
fake_broken_1850.png,2
fake_broken_4526.png,2
fake_broken_4658.png,2
fake_broken_1418.png,2
fake_broken_163.png,2
fake_broken_447.png,2
fake_broken_4615.png,2
fake_broken_2833.png,2
fake_broken_558.png,2
fake_broken_723.png,2
fake_broken_4247.png,2
fake_broken_3114.png,2
fake_broken_28.png,2
fake_broken_4958.png,2
fake_broken_3744.png,2
fake_broken_3121.png,2
fake_broken_012.png,2
fake_broken_2745.png,2
fake_broken_4914.png,2
fake_broken_1661.png,2
fake_broken_045.png,2
fake_broken_1623.png,2
fake_broken_63.png,2
fake_broken_628.png,2
fake_broken_2458.png,2
fake_broken_4620.png,2
fake_broken_542.png,2
fake_broken_3522.png,2
fake_broken_1353.png,2
fake_broken_4045.png,2
fake_broken_1924.png,2
fake_broken_237.png,2
fake_broken_1514.png,2
fake_broken_3442.png,2
fake_broken_4655.png,2
fake_broken_3837.png,2
fake_broken_3231.png,2
fake_broken_928.png,2
fake_broken_2117.png,2
fake_broken_57.png,2
fake_broken_1831.png,2
fake_broken_4711.png,2
fake_broken_4216.png,2
fake_broken_2935.png,2
fake_broken_171.png,2
fake_broken_3723.png,2
fake_broken_4444.png,2
fake_broken_714.png,2
fake_broken_3137.png,2
fake_broken_2836.png,2
fake_broken_1916.png,2
fake_broken_815.png,2
fake_broken_2846.png,2
fake_broken_3548.png,2
fake_broken_810.png,2
fake_broken_4837.png,2
fake_broken_1214.png,2
fake_broken_1024.png,2
fake_broken_4438.png,2
fake_broken_3813.png,2
fake_broken_826.png,2
fake_broken_057.png,2
fake_broken_2639.png,2
fake_broken_2746.png,2
fake_broken_4555.png,2
fake_broken_4318.png,2
fake_broken_2222.png,2
fake_broken_4611.png,2
fake_broken_308.png,2
fake_broken_050.png,2
fake_broken_2252.png,2
fake_broken_1533.png,2
fake_broken_4858.png,2
fake_broken_331.png,2
fake_broken_3657.png,2
fake_broken_2324.png,2
fake_broken_3520.png,2
fake_broken_1110.png,2
fake_broken_2157.png,2
fake_broken_1248.png,2
fake_broken_285.png,2
fake_broken_019.png,2
fake_broken_440.png,2
fake_broken_3914.png,2
fake_broken_655.png,2
fake_broken_3459.png,2
fake_broken_4838.png,2
fake_broken_2151.png,2
fake_broken_1014.png,2
fake_broken_139.png,2
fake_broken_3036.png,2
fake_broken_2115.png,2
fake_broken_4454.png,2
fake_broken_2347.png,2
fake_broken_3746.png,2
fake_broken_1839.png,2
fake_broken_272.png,2
fake_broken_1434.png,2
fake_broken_2752.png,2
fake_broken_335.png,2
fake_broken_2642.png,2
fake_broken_3636.png,2
fake_broken_949.png,2
fake_broken_304.png,2
fake_broken_1860.png,2
fake_broken_3820.png,2
fake_broken_1244.png,2
fake_broken_857.png,2
fake_broken_4515.png,2
fake_broken_2613.png,2
fake_broken_2213.png,2
fake_broken_2210.png,2
fake_broken_173.png,2
fake_broken_3750.png,2
fake_broken_3434.png,2
fake_broken_65.png,2
fake_broken_632.png,2
fake_broken_1639.png,2
fake_broken_2825.png,2
fake_broken_3651.png,2
fake_broken_2053.png,2
fake_broken_535.png,2
fake_broken_2411.png,2
fake_broken_3334.png,2
fake_broken_1438.png,2
fake_broken_2618.png,2
fake_broken_3932.png,2
fake_broken_4114.png,2
fake_broken_733.png,2
fake_broken_538.png,2
fake_broken_4942.png,2
fake_broken_2848.png,2
fake_broken_1246.png,2
fake_broken_827.png,2
fake_broken_4462.png,2
fake_broken_399.png,2
fake_broken_152.png,2
fake_broken_1115.png,2
fake_broken_4156.png,2
fake_broken_1755.png,2
fake_broken_3532.png,2
fake_broken_725.png,2
fake_broken_376.png,2
fake_broken_2929.png,2
fake_broken_3817.png,2
fake_broken_3225.png,2
fake_broken_3650.png,2
fake_broken_841.png,2
fake_broken_1355.png,2
fake_broken_1237.png,2
fake_broken_847.png,2
fake_broken_3624.png,2
fake_broken_147.png,2
fake_broken_3943.png,2
fake_broken_303.png,2
fake_broken_3625.png,2
fake_broken_3323.png,2
fake_broken_4956.png,2
fake_broken_393.png,2
fake_broken_2811.png,2
fake_broken_2020.png,2
fake_broken_3710.png,2
fake_broken_3640.png,2
fake_broken_639.png,2
fake_broken_838.png,2
fake_broken_4449.png,2
fake_broken_386.png,2
fake_broken_138.png,2
fake_broken_4347.png,2
fake_broken_643.png,2
fake_broken_3938.png,2
fake_broken_3324.png,2
fake_broken_4059.png,2
fake_broken_3348.png,2
fake_broken_2860.png,2
fake_broken_4230.png,2
fake_broken_4818.png,2
fake_broken_340.png,2
fake_broken_2749.png,2
fake_broken_2111.png,2
fake_broken_4941.png,2
fake_broken_2840.png,2
fake_broken_527.png,2
fake_broken_1061.png,2
fake_broken_2548.png,2
fake_broken_3557.png,2
fake_broken_4847.png,2
fake_broken_487.png,2
fake_broken_2914.png,2
fake_broken_1157.png,2
fake_broken_375.png,2
fake_broken_4023.png,2
fake_broken_4015.png,2
fake_broken_038.png,2
fake_broken_3726.png,2
fake_broken_1659.png,2
fake_broken_3229.png,2
fake_broken_1027.png,2
fake_broken_4553.png,2
fake_broken_1529.png,2
fake_broken_2711.png,2
fake_broken_126.png,2
fake_broken_543.png,2
fake_broken_4938.png,2
fake_broken_1216.png,2
fake_broken_1727.png,2
fake_broken_2234.png,2
fake_broken_211.png,2
fake_broken_4718.png,2
fake_broken_2223.png,2
fake_broken_523.png,2
fake_broken_4424.png,2
fake_broken_1354.png,2
fake_broken_419.png,2
fake_broken_1731.png,2
fake_broken_2116.png,2
fake_broken_4314.png,2
fake_broken_744.png,2
fake_broken_4933.png,2
fake_broken_3749.png,2
fake_broken_3335.png,2
fake_broken_2534.png,2
fake_broken_1038.png,2
fake_broken_3045.png,2
fake_broken_4544.png,2
fake_broken_1428.png,2
fake_broken_3852.png,2
fake_broken_332.png,2
fake_broken_1344.png,2
fake_broken_4323.png,2
fake_broken_4715.png,2
fake_broken_1820.png,2
fake_broken_4036.png,2
fake_broken_1618.png,2
fake_broken_1934.png,2
fake_broken_2231.png,2
fake_broken_3433.png,2
fake_broken_48.png,2
fake_broken_4146.png,2
fake_broken_223.png,2
fake_broken_4845.png,2
fake_broken_412.png,2
fake_broken_229.png,2
fake_broken_4755.png,2
fake_broken_1819.png,2
fake_broken_66.png,2
fake_broken_4925.png,2
fake_broken_4440.png,2
fake_broken_1324.png,2
fake_broken_361.png,2
fake_broken_194.png,2
fake_broken_1010.png,2
fake_broken_2922.png,2
fake_broken_4224.png,2
fake_broken_1740.png,2
fake_broken_1759.png,2
fake_broken_96.png,2
fake_broken_80.png,2
fake_broken_937.png,2
fake_broken_924.png,2
fake_broken_4649.png,2
fake_broken_4741.png,2
fake_broken_3044.png,2
fake_broken_38.png,2
fake_broken_2420.png,2
fake_broken_2255.png,2
fake_broken_2051.png,2
fake_broken_1440.png,2
fake_broken_046.png,2
fake_broken_76.png,2
fake_broken_2510.png,2
fake_broken_273.png,2
fake_broken_4334.png,2
fake_broken_2837.png,2
fake_broken_2610.png,2
fake_broken_4342.png,2
fake_broken_3311.png,2
fake_broken_3261.png,2
fake_broken_2520.png,2
fake_broken_3248.png,2
fake_broken_2923.png,2
fake_broken_3054.png,2
fake_broken_188.png,2
fake_broken_3960.png,2
fake_broken_428.png,2
fake_broken_07.png,2
fake_broken_368.png,2
fake_broken_4849.png,2
fake_broken_2944.png,2
fake_broken_010.png,2
fake_broken_4540.png,2
fake_broken_62.png,2
fake_broken_4935.png,2
fake_broken_271.png,2
fake_broken_130.png,2
fake_broken_532.png,2
fake_broken_2236.png,2
fake_broken_3511.png,2
fake_broken_1838.png,2
fake_broken_227.png,2
fake_broken_1622.png,2
fake_broken_2451.png,2
fake_broken_99.png,2
fake_broken_3842.png,2
fake_broken_4745.png,2
fake_broken_4155.png,2
fake_broken_1745.png,2
fake_broken_395.png,2
fake_broken_739.png,2
fake_broken_2940.png,2
fake_broken_407.png,2
fake_broken_4459.png,2
fake_broken_2936.png,2
fake_broken_1847.png,2
fake_broken_3360.png,2
fake_broken_377.png,2
fake_broken_225.png,2
fake_broken_2925.png,2
fake_broken_3458.png,2
fake_broken_4443.png,2
fake_broken_741.png,2
fake_broken_713.png,2
fake_broken_418.png,2
fake_broken_2012.png,2
fake_broken_4552.png,2
fake_broken_1721.png,2
fake_broken_3249.png,2
fake_broken_93.png,2
fake_broken_4820.png,2
fake_broken_2346.png,2
fake_broken_4632.png,2
fake_broken_2424.png,2
fake_broken_1519.png,2
fake_broken_1043.png,2
fake_broken_910.png,2
fake_broken_71.png,2
fake_broken_55.png,2
fake_broken_2738.png,2
fake_broken_2562.png,2
fake_broken_232.png,2
fake_broken_4138.png,2
fake_broken_925.png,2
fake_broken_4054.png,2
fake_broken_3151.png,2
fake_broken_4853.png,2
fake_broken_2729.png,2
fake_broken_3824.png,2
fake_broken_2823.png,2
fake_broken_3753.png,2
fake_broken_2039.png,2
fake_broken_3513.png,2
fake_broken_115.png,2
fake_broken_2962.png,2
fake_broken_2953.png,2
fake_broken_4148.png,2
fake_broken_4317.png,2
fake_broken_1148.png,2
fake_broken_4748.png,2
fake_broken_4061.png,2
fake_broken_1220.png,2
fake_broken_311.png,2
fake_broken_3038.png,2
fake_broken_4343.png,2
fake_broken_4026.png,2
fake_broken_2048.png,2
fake_broken_443.png,2
fake_broken_3612.png,2
fake_broken_812.png,2
fake_broken_4132.png,2
fake_broken_1321.png,2
fake_broken_020.png,2
fake_broken_4448.png,2
fake_broken_1532.png,2
fake_broken_1349.png,2
fake_broken_1638.png,2
fake_broken_3536.png,2
fake_broken_2844.png,2
fake_broken_3357.png,2
fake_broken_752.png,2
fake_broken_1551.png,2
fake_broken_1516.png,2
fake_broken_427.png,2
fake_broken_118.png,2
fake_broken_3262.png,2
fake_broken_153.png,2
fake_broken_2759.png,2
fake_broken_4729.png,2
fake_broken_1352.png,2
fake_broken_349.png,2
fake_broken_862.png,2
fake_broken_1537.png,2
fake_broken_205.png,2
fake_broken_1742.png,2
fake_broken_2528.png,2
fake_broken_4236.png,2
fake_broken_4212.png,2
fake_broken_3716.png,2
fake_broken_1256.png,2
fake_broken_845.png,2
fake_broken_3539.png,2
fake_broken_3732.png,2
fake_broken_3614.png,2
fake_broken_844.png,2
fake_broken_1846.png,2
fake_broken_934.png,2
fake_broken_1553.png,2
fake_broken_50.png,2
fake_broken_35.png,2
fake_broken_032.png,2
fake_broken_2218.png,2
fake_broken_4537.png,2
fake_broken_621.png,2
fake_broken_2538.png,2
fake_broken_2129.png,2
fake_broken_1217.png,2
fake_broken_3537.png,2
fake_broken_2128.png,2
fake_broken_4325.png,2
fake_broken_3754.png,2
fake_broken_4349.png,2
fake_broken_548.png,2
fake_broken_1524.png,2
fake_broken_1518.png,2
fake_broken_1549.png,2
fake_broken_3160.png,2
fake_broken_3759.png,2
fake_broken_4134.png,2
fake_broken_456.png,2
fake_broken_049.png,2
fake_broken_3937.png,2
fake_broken_4543.png,2
fake_broken_53.png,2
fake_broken_1822.png,2
fake_broken_3034.png,2
fake_broken_4524.png,2
fake_broken_4751.png,2
fake_broken_4110.png,2
fake_broken_2652.png,2
fake_broken_512.png,2
fake_broken_1018.png,2
fake_broken_299.png,2
fake_broken_3829.png,2
fake_broken_301.png,2
fake_broken_3015.png,2
fake_broken_1746.png,2
fake_broken_4610.png,2
fake_broken_3119.png,2
fake_broken_3555.png,2
fake_broken_1647.png,2
fake_broken_4417.png,2
fake_broken_2453.png,2
fake_broken_1712.png,2
fake_broken_3424.png,2
fake_broken_3430.png,2
fake_broken_1856.png,2
fake_broken_1333.png,2
fake_broken_4150.png,2
fake_broken_4947.png,2
fake_broken_1558.png,2
fake_broken_69.png,2
fake_broken_2248.png,2
fake_broken_475.png,2
fake_broken_3635.png,2
fake_broken_3062.png,2
fake_broken_3235.png,2
fake_broken_23.png,2
fake_broken_89.png,2
fake_broken_2551.png,2
fake_broken_3724.png,2
fake_broken_054.png,2
fake_broken_2457.png,2
fake_broken_1461.png,2
fake_broken_300.png,2
fake_broken_29.png,2
fake_broken_431.png,2
fake_broken_2146.png,2
fake_broken_3410.png,2
fake_broken_2029.png,2
fake_broken_161.png,2
fake_broken_4215.png,2
fake_broken_938.png,2
fake_broken_2110.png,2
fake_broken_4919.png,2
fake_broken_614.png,2
fake_broken_4717.png,2
fake_broken_3911.png,2
fake_broken_2715.png,2
fake_broken_3847.png,2
fake_broken_3662.png,2
fake_broken_4623.png,2
fake_broken_14.png,2
fake_broken_823.png,2
fake_broken_2561.png,2
fake_broken_1613.png,2
fake_broken_365.png,2
fake_broken_458.png,2
fake_broken_4648.png,2
fake_broken_2133.png,2
fake_broken_2212.png,2
fake_broken_3150.png,2
fake_broken_1632.png,2
fake_broken_04.png,2
fake_broken_529.png,2
fake_broken_2143.png,2
fake_broken_4425.png,2
fake_broken_221.png,2
fake_broken_3443.png,2
fake_broken_1250.png,2
fake_broken_1356.png,2
fake_broken_4523.png,2
fake_broken_464.png,2
fake_broken_2150.png,2
fake_broken_4436.png,2
fake_broken_033.png,2
fake_broken_4060.png,2
fake_broken_3035.png,2
fake_broken_2141.png,2
fake_broken_2112.png,2
fake_broken_3951.png,2
fake_broken_821.png,2
fake_broken_2327.png,2
fake_broken_2812.png,2
fake_broken_3846.png,2
fake_broken_128.png,2
fake_broken_646.png,2
fake_broken_2025.png,2
fake_broken_488.png,2
fake_broken_1525.png,2
fake_broken_3735.png,2
fake_broken_2722.png,2
fake_broken_3617.png,2
fake_broken_2124.png,2
fake_broken_3454.png,2
fake_broken_286.png,2
fake_broken_327.png,2
fake_broken_835.png,2
fake_broken_4921.png,2
fake_broken_480.png,2
fake_broken_1118.png,2
fake_broken_216.png,2
fake_broken_4360.png,2
fake_broken_4952.png,2
fake_broken_2660.png,2
fake_broken_2830.png,2
fake_broken_1944.png,2
fake_broken_1460.png,2
fake_broken_4315.png,2
fake_broken_732.png,2
fake_broken_2139.png,2
fake_broken_1825.png,2
fake_broken_4233.png,2
fake_broken_112.png,2
fake_broken_515.png,2
fake_broken_345.png,2
fake_broken_1341.png,2
fake_broken_1055.png,2
fake_broken_711.png,2
fake_broken_3549.png,2
fake_broken_2262.png,2
fake_broken_1455.png,2
fake_broken_3714.png,2
fake_broken_4536.png,2
fake_broken_4211.png,2
fake_broken_4637.png,2
fake_broken_234.png,2
fake_broken_4558.png,2
fake_broken_514.png,2
fake_broken_3860.png,2
fake_broken_3928.png,2
fake_broken_4418.png,2
fake_broken_3835.png,2
fake_broken_2160.png,2
fake_broken_3556.png,2
fake_broken_4726.png,2
fake_broken_151.png,2
fake_broken_919.png,2
fake_broken_444.png,2
fake_broken_467.png,2
fake_broken_1918.png,2
fake_broken_027.png,2
fake_broken_058.png,2
fake_broken_2260.png,2
fake_broken_2549.png,2
fake_broken_1114.png,2
fake_broken_4119.png,2
fake_broken_1319.png,2
fake_broken_1123.png,2
fake_broken_122.png,2
fake_broken_1751.png,2
fake_broken_276.png,2
fake_broken_2214.png,2
fake_broken_3016.png,2
fake_broken_3540.png,2
fake_broken_4128.png,2
fake_broken_3050.png,2
fake_broken_4517.png,2
fake_broken_4353.png,2
fake_broken_1422.png,2
fake_broken_1338.png,2
fake_broken_2440.png,2
fake_broken_3041.png,2
fake_broken_3456.png,2
fake_broken_4656.png,2
fake_broken_4545.png,2
fake_broken_3745.png,2
fake_broken_1732.png,2
fake_broken_1457.png,2
fake_broken_177.png,2
fake_broken_486.png,2
fake_broken_4154.png,2
fake_broken_2744.png,2
fake_broken_2824.png,2
fake_broken_2757.png,2
fake_broken_491.png,2
fake_broken_341.png,2
fake_broken_4333.png,2
fake_broken_1717.png,2
fake_broken_1328.png,2
fake_broken_2027.png,2
fake_broken_4823.png,2
fake_broken_4352.png,2
fake_broken_855.png,2
fake_broken_1140.png,2
fake_broken_4821.png,2
fake_broken_160.png,2
fake_broken_1412.png,2
fake_broken_2131.png,2
fake_broken_3957.png,2
fake_broken_556.png,2
fake_broken_297.png,2
fake_broken_3752.png,2
fake_broken_2623.png,2
fake_broken_1016.png,2
fake_broken_1829.png,2
fake_broken_378.png,2
fake_broken_4621.png,2
fake_broken_2345.png,2
fake_broken_2742.png,2
fake_broken_1832.png,2
fake_broken_49.png,2
fake_broken_4846.png,2
fake_broken_4335.png,2
fake_broken_2339.png,2
fake_broken_4850.png,2
fake_broken_2527.png,2
fake_broken_3827.png,2
fake_broken_4911.png,2
fake_broken_2238.png,2
fake_broken_1058.png,2
fake_broken_206.png,2
fake_broken_496.png,2
fake_broken_1621.png,2
fake_broken_522.png,2
fake_broken_2835.png,2
fake_broken_3541.png,2
fake_broken_4432.png,2
fake_broken_3126.png,2
fake_broken_146.png,2
fake_broken_469.png,2
fake_broken_445.png,2
fake_broken_3730.png,2
fake_broken_1429.png,2
fake_broken_3141.png,2
fake_broken_3139.png,2
fake_broken_4932.png,2
fake_broken_2447.png,2
fake_broken_3525.png,2
fake_broken_3839.png,2
fake_broken_381.png,2
fake_broken_3237.png,2
fake_broken_1113.png,2
fake_broken_45.png,2
fake_broken_4616.png,2
fake_broken_3215.png,2
fake_broken_437.png,2
fake_broken_3123.png,2
fake_broken_3446.png,2
fake_broken_1012.png,2
fake_broken_3828.png,2
fake_broken_1326.png,2
fake_broken_3919.png,2
fake_broken_839.png,2
fake_broken_2256.png,2
fake_broken_3916.png,2
fake_broken_4415.png,2
fake_broken_1753.png,2
fake_broken_1920.png,2
fake_broken_4852.png,2
fake_broken_3939.png,2
fake_broken_4452.png,2
fake_broken_1830.png,2
fake_broken_4341.png,2
fake_broken_2756.png,2
fake_broken_1262.png,2
fake_broken_2431.png,2
fake_broken_4924.png,2
fake_broken_3524.png,2
fake_broken_4533.png,2
fake_broken_1240.png,2
fake_broken_4344.png,2
fake_broken_372.png,2
fake_broken_4142.png,2
fake_broken_3755.png,2
fake_broken_346.png,2
fake_broken_1022.png,2
fake_broken_4135.png,2
fake_broken_3219.png,2
fake_broken_2933.png,2
fake_broken_618.png,2
fake_broken_4830.png,2
fake_broken_2911.png,2
fake_broken_1913.png,2
fake_broken_3345.png,2
fake_broken_953.png,2
fake_broken_3544.png,2
fake_broken_1231.png,2
fake_broken_040.png,2
fake_broken_3453.png,2
fake_broken_3762.png,2
fake_broken_2761.png,2
fake_broken_289.png,2
fake_broken_310.png,2
fake_broken_3629.png,2
fake_broken_2841.png,2
fake_broken_2625.png,2
fake_broken_3438.png,2
fake_broken_1037.png,2
fake_broken_637.png,2
fake_broken_322.png,2
fake_broken_859.png,2
fake_broken_162.png,2
fake_broken_3435.png,2
fake_broken_417.png,2
fake_broken_172.png,2
fake_broken_2718.png,2
fake_broken_3224.png,2
fake_broken_11.png,2
fake_broken_1141.png,2
fake_broken_3023.png,2
fake_broken_302.png,2
fake_broken_4659.png,2
fake_broken_4412.png,2
fake_broken_950.png,2
fake_broken_1215.png,2
fake_broken_1132.png,2
fake_broken_4260.png,2
fake_broken_46.png,2
fake_broken_1861.png,2
fake_broken_641.png,2
fake_broken_4222.png,2
fake_broken_1034.png,2
fake_broken_3017.png,2
fake_broken_279.png,2
fake_broken_1415.png,2
fake_broken_029.png,2
fake_broken_737.png,2
fake_broken_4227.png,2
fake_broken_551.png,2
fake_broken_644.png,2
fake_broken_4362.png,2
fake_broken_3418.png,2
fake_broken_3751.png,2
fake_broken_3055.png,2
fake_broken_560.png,2
fake_broken_2632.png,2
fake_broken_3246.png,2
fake_broken_650.png,2
fake_broken_3217.png,2
fake_broken_660.png,2
fake_broken_204.png,2
fake_broken_2360.png,2
fake_broken_2233.png,2
fake_broken_2924.png,2
fake_broken_4750.png,2
fake_broken_2934.png,2
fake_broken_142.png,2
fake_broken_2049.png,2
fake_broken_4631.png,2
fake_broken_08.png,2
fake_broken_2450.png,2
fake_broken_4223.png,2
fake_broken_3312.png,2
fake_broken_2422.png,2
fake_broken_4525.png,2
fake_broken_1821.png,2
fake_broken_3033.png,2
fake_broken_4843.png,2
fake_broken_926.png,2
fake_broken_3619.png,2
fake_broken_2657.png,2
fake_broken_1031.png,2
fake_broken_4514.png,2
fake_broken_2736.png,2
fake_broken_2525.png,2
fake_broken_3021.png,2
fake_broken_1127.png,2
fake_broken_2556.png,2
fake_broken_3929.png,2
fake_broken_3561.png,2
fake_broken_3254.png,2
fake_broken_307.png,2
fake_broken_2959.png,2
fake_broken_052.png,2
fake_broken_2419.png,2
fake_broken_740.png,2
fake_broken_517.png,2
fake_broken_2022.png,2
fake_broken_629.png,2
fake_broken_492.png,2
fake_broken_1245.png,2
fake_broken_1317.png,2
fake_broken_3429.png,2
fake_broken_748.png,2
fake_broken_3240.png,2
fake_broken_2329.png,2
fake_broken_051.png,2
fake_broken_105.png,2
fake_broken_305.png,2
fake_broken_657.png,2
fake_broken_2654.png,2
fake_broken_860.png,2
fake_broken_1925.png,2
fake_broken_1739.png,2
fake_broken_156.png,2
fake_broken_2942.png,2
fake_broken_3953.png,2
fake_broken_4145.png,2
fake_broken_415.png,2
fake_broken_43.png,2
fake_broken_102.png,2
fake_broken_3910.png,2
fake_broken_4219.png,2
fake_broken_4725.png,2
fake_broken_1413.png,2
fake_broken_734.png,2
fake_broken_17.png,2
fake_broken_4456.png,2
fake_broken_2221.png,2
fake_broken_4252.png,2
fake_broken_1722.png,2
fake_broken_851.png,2
fake_broken_3341.png,2
fake_broken_2951.png,2
fake_broken_1135.png,2
fake_broken_2250.png,2
fake_broken_4957.png,2
fake_broken_1261.png,2
fake_broken_4020.png,2
fake_broken_1330.png,2
fake_broken_298.png,2
fake_broken_716.png,2
fake_broken_1242.png,2
fake_broken_4012.png,2
fake_broken_4241.png,2
fake_broken_1235.png,2
fake_broken_2361.png,2
fake_broken_1912.png,2
fake_broken_756.png,2
fake_broken_4214.png,2
fake_broken_015.png,2
fake_broken_4118.png,2
fake_broken_100.png,2
fake_broken_1932.png,2
fake_broken_4446.png,2
fake_broken_1933.png,2
fake_broken_3658.png,2
fake_broken_4640.png,2
fake_broken_726.png,2
fake_broken_3920.png,2
fake_broken_1430.png,2
fake_broken_3356.png,2
fake_broken_3342.png,2
fake_broken_727.png,2
fake_broken_2035.png,2
fake_broken_4033.png,2
fake_broken_39.png,2
fake_broken_1128.png,2
fake_broken_257.png,2
fake_broken_1450.png,2
fake_broken_1334.png,2
fake_broken_10.png,2
fake_broken_3355.png,2
fake_broken_4136.png,2
fake_broken_4058.png,2
fake_broken_3924.png,2
fake_broken_617.png,2
fake_broken_4635.png,2
fake_broken_1416.png,2
fake_broken_1131.png,2
fake_broken_1627.png,2
fake_broken_4447.png,2
fake_broken_3155.png,2
fake_broken_323.png,2
fake_broken_1535.png,2
fake_broken_612.png,2
fake_broken_1843.png,2
fake_broken_3823.png,2
fake_broken_1940.png,2
fake_broken_3638.png,2
fake_broken_1035.png,2
fake_broken_2140.png,2
fake_broken_1654.png,2
fake_broken_1644.png,2
fake_broken_3626.png,2
fake_broken_4320.png,2
fake_broken_2956.png,2
fake_broken_284.png,2
fake_broken_1954.png,2
fake_broken_3620.png,2
fake_broken_2031.png,2
fake_broken_3923.png,2
fake_broken_540.png,2
fake_broken_334.png,2
fake_broken_1941.png,2
fake_broken_3722.png,2
fake_broken_3310.png,2
fake_broken_4548.png,2
fake_broken_3048.png,2
fake_broken_4117.png,2
fake_broken_2748.png,2
fake_broken_3115.png,2
fake_broken_4516.png,2
fake_broken_2337.png,2
fake_broken_281.png,2
fake_broken_34.png,2
fake_broken_4450.png,2
fake_broken_2018.png,2
fake_broken_3046.png,2
fake_broken_1818.png,2
fake_broken_2136.png,2
fake_broken_264.png,2
fake_broken_119.png,2
fake_broken_1247.png,2
fake_broken_1547.png,2
fake_broken_2010.png,2
fake_broken_1426.png,2
fake_broken_1946.png,2
fake_broken_2826.png,2
fake_broken_3526.png,2
fake_broken_3819.png,2
fake_broken_2913.png,2
fake_broken_116.png,2
fake_broken_1117.png,2
fake_broken_4758.png,2
fake_broken_2842.png,2
fake_broken_4358.png,2
fake_broken_4313.png,2
fake_broken_2828.png,2
fake_broken_1738.png,2
fake_broken_3918.png,2
fake_broken_3931.png,2
fake_broken_2118.png,2
fake_broken_218.png,2
fake_broken_2931.png,2
fake_broken_132.png,2
fake_broken_1411.png,2
fake_broken_4062.png,2
fake_broken_2148.png,2
fake_broken_489.png,2
fake_broken_242.png,2
fake_broken_4016.png,2
fake_broken_4841.png,2
fake_broken_1834.png,2
fake_broken_1221.png,2
fake_broken_3147.png,2
fake_broken_241.png,2
fake_broken_270.png,2
fake_broken_54.png,2
fake_broken_4742.png,2
fake_broken_3112.png,2
fake_broken_267.png,2
fake_broken_1957.png,2
fake_broken_274.png,2
fake_broken_3347.png,2
fake_broken_2024.png,2
fake_broken_2648.png,2
fake_broken_1357.png,2
fake_broken_20.png,2
fake_broken_250.png,2
fake_broken_1615.png,2
fake_broken_4719.png,2
fake_broken_4445.png,2
fake_broken_2145.png,2
fake_broken_1849.png,2
fake_broken_3024.png,2
fake_broken_4035.png,2
fake_broken_916.png,2
fake_broken_1212.png,2
fake_broken_3049.png,2
fake_broken_4912.png,2
fake_broken_4435.png,2
fake_broken_3545.png,2
fake_broken_4949.png,2
fake_broken_314.png,2
fake_broken_3521.png,2
fake_broken_336.png,2
fake_broken_3210.png,2
fake_broken_1025.png,2
fake_broken_3655.png,2
fake_broken_3358.png,2
fake_broken_4931.png,2
fake_broken_4245.png,2
fake_broken_626.png,2
fake_broken_4950.png,2
fake_broken_4737.png,2
fake_broken_165.png,2
fake_broken_636.png,2
fake_broken_1637.png,2
fake_broken_4732.png,2
fake_broken_2858.png,2
fake_broken_4816.png,2
fake_broken_948.png,2
fake_broken_124.png,2
fake_broken_3512.png,2
fake_broken_2147.png,2
fake_broken_3955.png,2
fake_broken_1442.png,2
fake_broken_1550.png,2
fake_broken_1337.png,2
fake_broken_1616.png,2
fake_broken_053.png,2
fake_broken_2849.png,2
fake_broken_2245.png,2
fake_broken_4561.png,2
fake_broken_3359.png,2
fake_broken_422.png,2
fake_broken_203.png,2
fake_broken_52.png,2
fake_broken_615.png,2
fake_broken_3962.png,2
fake_broken_3926.png,2
fake_broken_416.png,2
fake_broken_2036.png,2
fake_broken_1660.png,2
fake_broken_4753.png,2
fake_broken_2532.png,2
fake_broken_319.png,2
fake_broken_3327.png,2
fake_broken_01.png,2
fake_broken_184.png,2
fake_broken_92.png,2
fake_broken_3138.png,2
fake_broken_1045.png,2
fake_broken_1531.png,2
fake_broken_1346.png,2
fake_broken_499.png,2
fake_broken_2937.png,2
fake_broken_1325.png,2
fake_broken_2948.png,2
fake_broken_561.png,2
fake_broken_90.png,2
fake_broken_4346.png,2
fake_broken_731.png,2
fake_broken_4530.png,2
fake_broken_1329.png,2
fake_broken_239.png,2
fake_broken_2557.png,2
fake_broken_1122.png,2
fake_broken_2032.png,2
fake_broken_159.png,2
fake_broken_451.png,2
fake_broken_1243.png,2
fake_broken_3228.png,2
fake_broken_4422.png,2
fake_broken_352.png,2
fake_broken_3318.png,2
fake_broken_2810.png,2
fake_broken_83.png,2
fake_broken_3060.png,2
fake_broken_1750.png,2
fake_broken_3737.png,2
fake_broken_4324.png,2
fake_broken_2814.png,2
fake_broken_2540.png,2
fake_broken_2813.png,2
fake_broken_4662.png,2
fake_broken_3631.png,2
fake_broken_4720.png,2
fake_broken_840.png,2
fake_broken_3116.png,2
fake_broken_518.png,2
fake_broken_2624.png,2
fake_broken_2251.png,2
fake_broken_2055.png,2
fake_broken_03.png,2
fake_broken_959.png,2
fake_broken_2344.png,2
fake_broken_4513.png,2
fake_broken_1534.png,2
fake_broken_2725.png,2
fake_broken_44.png,2
fake_broken_1439.png,2
fake_broken_3841.png,2
fake_broken_4724.png,2
fake_broken_4037.png,2
fake_broken_1521.png,2
fake_broken_3715.png,2
fake_broken_3419.png,2
fake_broken_2737.png,2
fake_broken_1447.png,2
fake_broken_384.png,2
fake_broken_3862.png,2
fake_broken_269.png,2
fake_broken_442.png,2
fake_broken_1156.png,2
fake_broken_927.png,2
fake_broken_4813.png,2
fake_broken_4557.png,2
fake_broken_2550.png,2
fake_broken_2332.png,2
fake_broken_2915.png,2
fake_broken_2359.png,2
fake_broken_3451.png,2
fake_broken_1545.png,2
fake_broken_661.png,2
fake_broken_2857.png,2
fake_broken_3030.png,2
fake_broken_546.png,2
fake_broken_484.png,2
fake_broken_252.png,2
fake_broken_1942.png,2
fake_broken_4331.png,2
fake_broken_955.png,2
fake_broken_3644.png,2
fake_broken_1624.png,2
fake_broken_448.png,2
fake_broken_2247.png,2
fake_broken_016.png,2
fake_broken_917.png,2
fake_broken_4257.png,2
fake_broken_2434.png,2
fake_broken_2635.png,2
fake_broken_4815.png,2
fake_broken_2656.png,2
fake_broken_1642.png,2
fake_broken_4357.png,2
fake_broken_3547.png,2
fake_broken_1345.png,2
fake_broken_1017.png,2
fake_broken_547.png,2
fake_broken_1236.png,2
fake_broken_3741.png,2
fake_broken_2658.png,2
fake_broken_1136.png,2
fake_broken_3645.png,2
fake_broken_1410.png,2
fake_broken_1444.png,2
fake_broken_1139.png,2
fake_broken_914.png,2
fake_broken_616.png,2
fake_broken_1149.png,2
fake_broken_720.png,2
fake_broken_2838.png,2
fake_broken_123.png,2
fake_broken_391.png,2
fake_broken_155.png,2
fake_broken_113.png,2
fake_broken_4951.png,2
fake_broken_4814.png,2
fake_broken_4124.png,2
fake_broken_107.png,2
fake_broken_4457.png,2
fake_broken_3143.png,2
fake_broken_2655.png,2
fake_broken_4752.png,2
fake_broken_2856.png,2
fake_broken_1050.png,2
fake_broken_022.png,2
fake_broken_4250.png,2
fake_broken_2861.png,2
fake_broken_2515.png,2
fake_broken_326.png,2
fake_broken_4733.png,2
fake_broken_555.png,2
fake_broken_3611.png,2
fake_broken_4162.png,2
fake_broken_2042.png,2
fake_broken_3216.png,2
fake_broken_2521.png,2
fake_broken_231.png,2
fake_broken_4039.png,2
fake_broken_4762.png,2
fake_broken_343.png,2
fake_broken_215.png,2
fake_broken_1318.png,2
fake_broken_4052.png,2
fake_broken_911.png,2
fake_broken_4831.png,2
fake_broken_3930.png,2
fake_broken_25.png,2
fake_broken_217.png,2
fake_broken_4235.png,2
fake_broken_1560.png,2
fake_broken_625.png,2
fake_broken_245.png,2
fake_broken_945.png,2
fake_broken_282.png,2
fake_broken_1351.png,2
fake_broken_1710.png,2
fake_broken_1417.png,2
fake_broken_2554.png,2
fake_broken_3421.png,2
fake_broken_2636.png,2
fake_broken_3230.png,2
fake_broken_2555.png,2
fake_broken_749.png,2
fake_broken_2426.png,2
fake_broken_1733.png,2
fake_broken_2318.png,2
fake_broken_4832.png,2
fake_broken_4048.png,2
fake_broken_4044.png,2
fake_broken_4759.png,2
fake_broken_4262.png,2
fake_broken_4047.png,2
fake_broken_4539.png,2
fake_broken_858.png,2
fake_broken_1234.png,2
fake_broken_347.png,2
fake_broken_88.png,2
fake_broken_364.png,2
fake_broken_3413.png,2
fake_broken_4429.png,2
fake_broken_2418.png,2
fake_broken_306.png,2
fake_broken_382.png,2
fake_broken_4928.png,2
fake_broken_3761.png,2
fake_broken_2354.png,2
fake_broken_1046.png,2
fake_broken_1052.png,2
fake_broken_4855.png,2
fake_broken_235.png,2
fake_broken_3436.png,2
fake_broken_13.png,2
fake_broken_183.png,2
fake_broken_1730.png,2
fake_broken_3736.png,2
fake_broken_2739.png,2
fake_broken_516.png,2
fake_broken_1161.png,2
fake_broken_169.png,2
fake_broken_2047.png,2
fake_broken_2916.png,2
fake_broken_95.png,2
fake_broken_2719.png,2
fake_broken_397.png,2
fake_broken_290.png,2
fake_broken_1744.png,2
fake_broken_4549.png,2
fake_broken_753.png,2
fake_broken_4051.png,2
fake_broken_633.png,2
fake_broken_3250.png,2
fake_broken_026.png,2
fake_broken_421.png,2
fake_broken_4038.png,2
fake_broken_028.png,2
fake_broken_1651.png,2
fake_broken_37.png,2
fake_broken_244.png,2
fake_broken_2819.png,2
fake_broken_2726.png,2
fake_broken_4916.png,2
fake_broken_31.png,2
fake_broken_2261.png,2
fake_broken_2433.png,2
fake_broken_913.png,2
fake_broken_3037.png,2
fake_broken_011.png,2
fake_broken_2843.png,2
fake_broken_4228.png,2
fake_broken_1361.png,2
fake_broken_189.png,2
fake_broken_2637.png,2
fake_broken_68.png,2
fake_broken_1020.png,2
fake_broken_2058.png,2
fake_broken_4736.png,2
fake_broken_265.png,2
fake_broken_436.png,2
fake_broken_942.png,2
fake_broken_1446.png,2
fake_broken_40.png,2
fake_broken_374.png,2
fake_broken_1762.png,2
fake_broken_4634.png,2
fake_broken_3725.png,2
fake_broken_1816.png,2
fake_broken_3336.png,2
fake_broken_09.png,2
fake_broken_1927.png,2
fake_broken_4056.png,2
fake_broken_3247.png,2
fake_broken_1062.png,2
fake_broken_4731.png,2
fake_broken_613.png,2
fake_broken_4833.png,2
fake_broken_409.png,2
fake_broken_1656.png,2
fake_broken_4032.png,2
fake_broken_4531.png,2
fake_broken_4221.png,2
fake_broken_1030.png,2
fake_broken_960.png,2
fake_broken_1827.png,2
fake_broken_1312.png,2
fake_broken_1441.png,2
fake_broken_4053.png,2
fake_broken_3810.png,2
fake_broken_3959.png,2
fake_broken_1754.png,2
fake_broken_933.png,2
fake_broken_125.png,2
fake_broken_4644.png,2
fake_broken_1923.png,2
fake_broken_3349.png,2
fake_broken_3818.png,2
fake_broken_401.png,2
fake_broken_2560.png,2
fake_broken_4248.png,2
fake_broken_1736.png,2
fake_broken_2638.png,2
fake_broken_4139.png,2
fake_broken_1629.png,2
fake_broken_51.png,2
fake_broken_4948.png,2
fake_broken_254.png,2
fake_broken_1238.png,2
fake_broken_60.png,2
fake_broken_1851.png,2
fake_broken_4322.png,2
fake_broken_240.png,2
fake_broken_441.png,2
fake_broken_230.png,2
fake_broken_1116.png,2
fake_broken_2932.png,2
fake_broken_4157.png,2
fake_broken_4619.png,2
fake_broken_3712.png,2
fake_broken_3039.png,2
fake_broken_2016.png,2
fake_broken_2644.png,2
fake_broken_21.png,2
fake_broken_557.png,2
fake_broken_4431.png,2
fake_broken_1614.png,2
fake_broken_4822.png,2
fake_broken_190.png,2
fake_broken_3954.png,2
fake_broken_3258.png,2
fake_broken_226.png,2
fake_broken_3152.png,2
fake_broken_1914.png,2
fake_broken_313.png,2
fake_broken_2650.png,2
fake_broken_3053.png,2
fake_broken_3449.png,2
fake_broken_2123.png,2
fake_broken_3738.png,2
fake_broken_021.png,2
fake_broken_1332.png,2
fake_broken_392.png,2
fake_broken_430.png,2
fake_broken_521.png,2
fake_broken_166.png,2
fake_broken_3654.png,2
fake_broken_1711.png,2
fake_broken_3333.png,2
fake_broken_2947.png,2
fake_broken_106.png,2
fake_broken_366.png,2
fake_broken_3212.png,2
fake_broken_1837.png,2
fake_broken_4839.png,2
fake_broken_952.png,2
fake_broken_912.png,2
fake_broken_2351.png,2
fake_broken_829.png,2
fake_broken_1120.png,2
fake_broken_1626.png,2
fake_broken_824.png,2
fake_broken_2217.png,2
fake_broken_4645.png,2
fake_broken_647.png,2
fake_broken_947.png,2
fake_broken_4345.png,2
fake_broken_144.png,2
fake_broken_4926.png,2
fake_broken_481.png,2
fake_broken_398.png,2
fake_broken_371.png,2
fake_broken_2754.png,2
fake_broken_645.png,2
fake_broken_134.png,2
fake_broken_620.png,2
fake_broken_2817.png,2
fake_broken_2617.png,2
fake_broken_534.png,2
fake_broken_3343.png,2
fake_broken_2014.png,2
fake_broken_1947.png,2
fake_broken_400.png,2
fake_broken_3420.png,2
fake_broken_4851.png,2
fake_broken_3661.png,2
fake_broken_4535.png,2
fake_broken_3833.png,2
fake_broken_3838.png,2
fake_broken_2328.png,2
fake_broken_2513.png,2
fake_broken_4861.png,2
fake_broken_2917.png,2
fake_broken_1125.png,2
fake_broken_2059.png,2
fake_broken_405.png,2
fake_broken_1952.png,2
fake_broken_56.png,2
fake_broken_1360.png,2
fake_broken_1540.png,2
fake_broken_1929.png,2
fake_broken_330.png,2
fake_broken_3011.png,2
fake_broken_2448.png,2
fake_broken_811.png,2
fake_broken_2310.png,2
fake_broken_1915.png,2
fake_broken_1143.png,2
fake_broken_634.png,2
fake_broken_4339.png,2
fake_broken_3158.png,2
fake_broken_446.png,2
fake_broken_3740.png,2
fake_broken_4857.png,2
fake_broken_1937.png,2
fake_broken_1144.png,2
fake_broken_2747.png,2
fake_broken_490.png,2
fake_broken_3518.png,2
fake_broken_4519.png,2
fake_broken_277.png,2
fake_broken_2130.png,2
fake_broken_539.png,2
fake_broken_222.png,2
fake_broken_043.png,2
fake_broken_3652.png,2
fake_broken_3125.png,2
fake_broken_1919.png,2
fake_broken_2720.png,2
fake_broken_2330.png,2
fake_broken_1313.png,2
fake_broken_3952.png,2
fake_broken_1454.png,2
fake_broken_174.png,2
fake_broken_2159.png,2
fake_broken_1538.png,2
fake_broken_830.png,2
fake_broken_3543.png,2
fake_broken_3519.png,2
fake_broken_1425.png,2
fake_broken_2734.png,2
fake_broken_2317.png,2
fake_broken_3423.png,2
fake_broken_622.png,2
fake_broken_1611.png,2
fake_broken_2253.png,2
fake_broken_396.png,2
fake_broken_27.png,2
fake_broken_1026.png,2
fake_broken_283.png,2
fake_broken_042.png,2
fake_broken_410.png,2
fake_broken_4254.png,2
fake_broken_1559.png,2
fake_broken_149.png,2
fake_broken_3149.png,2
fake_broken_1743.png,2
fake_broken_3416.png,2
fake_broken_1911.png,2
fake_broken_513.png,2
fake_broken_2743.png,2
fake_broken_2343.png,2
fake_broken_1254.png,2
fake_broken_2038.png,2
fake_broken_466.png,2
fake_broken_3110.png,2
fake_broken_3059.png,2
fake_broken_3713.png,2
fake_broken_114.png,2
fake_broken_1257.png,2
fake_broken_3816.png,2
fake_broken_2423.png,2
fake_broken_035.png,2
fake_broken_4137.png,2
fake_broken_1138.png,2
fake_broken_2523.png,2
fake_broken_4744.png,2
fake_broken_354.png,2
fake_broken_4240.png,2
fake_broken_2728.png,2
fake_broken_1039.png,2
fake_broken_3639.png,2
fake_broken_3259.png,2
fake_broken_3322.png,2
fake_broken_1162.png,2
fake_broken_2314.png,2
fake_broken_3222.png,2
fake_broken_4253.png,2
fake_broken_2427.png,2
fake_broken_562.png,2
fake_broken_1253.png,2
fake_broken_2816.png,2
fake_broken_3628.png,2
fake_broken_435.png,2
fake_broken_1543.png,2
fake_broken_350.png,2
fake_broken_2225.png,2
fake_broken_4031.png,2
fake_broken_1650.png,2
fake_broken_338.png,2
fake_broken_2615.png,2
fake_broken_344.png,2
fake_broken_3344.png,2
fake_broken_406.png,2
fake_broken_2439.png,2
fake_broken_640.png,2
fake_broken_3922.png,2
fake_broken_4625.png,2
fake_broken_26.png,2
fake_broken_3854.png,2
fake_broken_383.png,2
fake_broken_1424.png,2
fake_broken_1561.png,2
fake_broken_202.png,2
fake_broken_2137.png,2
fake_broken_373.png,2
fake_broken_1951.png,2
fake_broken_3514.png,2
fake_broken_3627.png,2
fake_broken_2621.png,2
fake_broken_1752.png,2
fake_broken_2121.png,2
fake_broken_4220.png,2
fake_broken_1339.png,2
fake_broken_3319.png,2
fake_broken_3020.png,2
fake_broken_4653.png,2
fake_broken_923.png,2
fake_broken_2661.png,2
fake_broken_1631.png,2
fake_broken_2760.png,2
fake_broken_060.png,2
fake_broken_3552.png,2
fake_broken_1541.png,2
fake_broken_1823.png,2
fake_broken_4231.png,2
fake_broken_2758.png,2
fake_broken_1556.png,2
fake_broken_3159.png,2
fake_broken_4828.png,2
fake_broken_2126.png,2
fake_broken_935.png,2
fake_broken_3934.png,2
fake_broken_103.png,2
fake_broken_2325.png,2
fake_broken_2954.png,2
fake_broken_4922.png,2
fake_broken_4420.png,2
fake_broken_1760.png,2
fake_broken_2416.png,2
fake_broken_2446.png,2
fake_broken_260.png,2
fake_broken_1320.png,2
fake_broken_2939.png,2
fake_broken_4840.png,2
fake_broken_3260.png,2
fake_broken_2634.png,2
fake_broken_4730.png,2
fake_broken_256.png,2
fake_broken_4747.png,2
fake_broken_3861.png,2
fake_broken_1048.png,2
fake_broken_017.png,2
fake_broken_2030.png,2
fake_broken_3444.png,2
fake_broken_1343.png,2
fake_broken_3538.png,2
fake_broken_2043.png,2
fake_broken_2054.png,2
fake_broken_2312.png,2
fake_broken_2138.png,2
fake_broken_648.png,2
fake_broken_141.png,2
fake_broken_210.png,2
fake_broken_195.png,2
fake_broken_1756.png,2
fake_broken_157.png,2
fake_broken_3218.png,2
fake_broken_1728.png,2
fake_broken_3554.png,2
fake_broken_145.png,2
fake_broken_179.png,2
fake_broken_3317.png,2
fake_broken_1510.png,2
fake_broken_4229.png,2
fake_broken_4434.png,2
fake_broken_4714.png,2
fake_broken_3118.png,2
fake_broken_434.png,2
fake_broken_3958.png,2
fake_broken_1620.png,2
fake_broken_3527.png,2
fake_broken_846.png,2
fake_broken_4728.png,2
fake_broken_4810.png,2
fake_broken_1336.png,2
fake_broken_1938.png,2
fake_broken_619.png,2
fake_broken_243.png,2
fake_broken_638.png,2
fake_broken_1958.png,2
fake_broken_1414.png,2
fake_broken_4127.png,2
fake_broken_455.png,2
fake_broken_3256.png,2
fake_broken_333.png,2
fake_broken_170.png,2
fake_broken_337.png,2
fake_broken_4639.png,2
fake_broken_2640.png,2
fake_broken_1227.png,2
fake_broken_2158.png,2
fake_broken_3162.png,2
fake_broken_2717.png,2
fake_broken_16.png,2
fake_broken_1962.png,2
fake_broken_482.png,2
fake_broken_1928.png,2
fake_broken_1950.png,2
fake_broken_3946.png,2
fake_broken_476.png,2
fake_broken_474.png,2
fake_broken_1331.png,2
fake_broken_473.png,2
fake_broken_3122.png,2
fake_broken_1350.png,2
fake_broken_728.png,2
fake_broken_478.png,2
fake_broken_536.png,2
fake_broken_3821.png,2
fake_broken_2449.png,2
fake_broken_380.png,2
fake_broken_921.png,2
fake_broken_424.png,2
fake_broken_1015.png,2
fake_broken_630.png,2
fake_broken_3843.png,2
fake_broken_1652.png,2
fake_broken_3031.png,2
fake_broken_2651.png,2
fake_broken_168.png,2
fake_broken_710.png,2
fake_broken_3739.png,2
fake_broken_1956.png,2
fake_broken_2313.png,2
fake_broken_4612.png,2
fake_broken_414.png,2
fake_broken_05.png,2
fake_broken_449.png,2
fake_broken_4551.png,2
fake_broken_039.png,2
fake_broken_4255.png,2
fake_broken_820.png,2
fake_broken_2144.png,2
fake_broken_4237.png,2
fake_broken_3223.png,2
fake_broken_2630.png,2
fake_broken_3120.png,2
fake_broken_312.png,2
fake_broken_4159.png,2
fake_broken_2750.png,2
fake_broken_2125.png,2
fake_broken_3747.png,2
fake_broken_3621.png,2
fake_broken_4652.png,2
fake_broken_4528.png,2
fake_broken_041.png,2
fake_broken_3238.png,2
fake_broken_2533.png,2
fake_broken_348.png,2
fake_broken_2050.png,2
fake_broken_1359.png,2
fake_broken_4862.png,2
fake_broken_4934.png,2
fake_broken_2950.png,2
fake_broken_1935.png,2
fake_broken_4622.png,2
fake_broken_3113.png,2
fake_broken_037.png,2
fake_broken_2425.png,2
fake_broken_3550.png,2
fake_broken_2357.png,2
fake_broken_4961.png,2
fake_broken_4930.png,2
fake_broken_4140.png,2
fake_broken_2244.png,2
fake_broken_3253.png,2
fake_broken_4746.png,2
fake_broken_4423.png,2
fake_broken_85.png,2
fake_broken_2818.png,2
fake_broken_2862.png,2
fake_broken_3622.png,2
fake_broken_4547.png,2
fake_broken_3856.png,2
fake_broken_531.png,2
fake_broken_526.png,2
fake_broken_108.png,2
fake_broken_662.png,2
fake_broken_220.png,2
fake_broken_4041.png,2
fake_broken_2415.png,2
fake_broken_956.png,2
fake_broken_3815.png,2
fake_broken_1151.png,2
fake_broken_185.png,2
fake_broken_4024.png,2
fake_broken_2322.png,2
fake_broken_3412.png,2
fake_broken_4937.png,2
fake_broken_4943.png,2
fake_broken_4541.png,2
fake_broken_3440.png,2
fake_broken_1858.png,2
fake_broken_837.png,2
fake_broken_403.png,2
fake_broken_828.png,2
fake_broken_1815.png,2
fake_broken_4660.png,2
fake_broken_423.png,2
fake_broken_623.png,2
fake_broken_1134.png,2
fake_broken_3133.png,2
fake_broken_4638.png,2
fake_broken_287.png,2
fake_broken_2943.png,2
fake_broken_2153.png,2
fake_broken_4556.png,2
fake_broken_2135.png,2